timestamp,ch1,ch2,ch3
1757558053.4192517,0.0,0.0,0.0
1757558053.427732,0.0,0.0,0.0
1757558053.5146751,0.0,0.0,0.0
1757558053.5622683,0.0,0.0,0.0
1757558053.571272,0.0,0.0,0.0
1757558053.5826662,0.0,0.0,0.0
1757558053.6072652,0.0,0.0,0.0
1757558053.6272702,0.0,0.0,0.0
1757558053.6342688,0.0,0.0,0.0
1757558053.644667,0.0,0.0,0.0
1757558053.6678448,0.0,0.0,0.0
1757558053.6879382,0.0,0.0,0.0
1757558053.6952162,0.0,0.0,0.0
1757558053.7201176,0.0,0.0,0.0
1757558053.729695,0.0,0.0,0.0
1757558053.7517262,0.0,0.0,0.0
1757558053.7572484,0.0,0.0,0.0
1757558053.7844539,0.0,0.0,0.0
1757558053.790759,0.0,0.0,0.0
1757558053.8253388,0.0,0.0,0.0
1757558053.847897,0.0,0.0,0.0
1757558053.857414,0.0,0.0,0.0
1757558053.8764458,0.0,0.0,0.0
1757558053.8893437,0.0,0.0,0.0
1757558053.9144146,0.0,0.0,0.0
1757558053.9360225,0.0,0.0,0.0
1757558053.9512618,0.0,0.0,0.0
1757558053.973057,0.0,0.0,0.0
1757558053.981604,0.0,0.0,0.0
1757558053.9978247,0.0,0.0,0.0
1757558054.012434,0.0,0.0,0.0
1757558054.0292306,0.0,0.0,0.0
1757558054.0437043,0.0,0.0,0.0
1757558054.0599308,0.0,0.0,0.0
1757558054.075075,0.0,0.0,0.0
1757558054.0902154,0.0,0.0,0.0
1757558054.1063144,0.0,0.0,0.0
1757558054.1536922,0.0,0.0,0.0
1757558054.184988,0.0,0.0,0.0
1757558054.2147233,0.0,0.0,0.0
1757558054.230844,0.0,0.0,0.0
1757558054.2468631,0.0,0.0,0.0
1757558054.2623885,0.0,0.0,0.0
1757558054.2789364,0.0,0.0,0.0
1757558054.2935295,0.0,0.0,0.0
1757558054.3096302,0.0,0.0,0.0
1757558054.3251028,0.0,0.0,0.0
1757558054.3412998,0.0,0.0,0.0
1757558054.3564265,0.0,0.0,0.0
1757558054.3730726,0.0,0.0,0.0
1757558054.3872466,0.0,0.0,0.0
1757558054.4038363,0.0,0.0,0.0
1757558054.4180243,0.0,0.0,0.0
1757558054.435084,0.0,0.0,0.0
1757558054.4497051,0.0,0.0,0.0
1757558054.4654417,0.0,0.0,0.0
1757558054.4812472,0.0,0.0,0.0
1757558054.4964385,0.0,0.0,0.0
1757558054.512369,0.0,0.0,0.0
1757558054.5274246,0.0,0.0,0.0
1757558054.5434885,0.0,0.0,0.0
1757558054.560522,0.0,0.0,0.0
1757558054.5770469,0.0,0.0,0.0
1757558054.5913436,0.0,0.0,0.0
1757558054.6053915,0.0,0.0,0.0
1757558054.6210387,0.0,0.0,0.0
1757558054.636241,0.0,0.0,0.0
1757558054.6524644,0.0,0.0,0.0
1757558054.6700208,0.0,0.0,0.0
1757558054.683248,0.0,0.0,0.0
1757558054.7294526,0.0,0.0,0.0
1757558054.776293,0.0,0.0,0.0
1757558054.7900562,0.0,0.0,0.0
1757558054.8062344,0.0,0.0,0.0
1757558054.8218071,0.0,0.0,0.0
1757558054.8379543,0.0,0.0,0.0
1757558054.8525841,0.0,0.0,0.0
1757558054.8691287,0.0,0.0,0.0
1757558054.8840187,0.0,0.0,0.0
1757558054.9003625,0.0,0.0,0.0
1757558054.9152625,0.0,0.0,0.0
1757558054.9317398,0.0,0.0,0.0
1757558054.9469771,0.0,0.0,0.0
1757558054.9635742,0.0,0.0,0.0
1757558054.9776924,0.0,0.0,0.0
1757558054.9991179,0.0,0.0,0.0
1757558055.0094109,0.0,0.0,0.0
1757558055.0248163,0.0,0.0,0.0
1757558055.0399528,0.0,0.0,0.0
1757558055.0576243,0.0,0.0,0.0
1757558055.0722685,0.0,0.0,0.0
1757558055.08882,0.0,0.0,0.0
1757558055.1033654,0.0,0.0,0.0
1757558055.1193993,0.0,0.0,0.0
1757558055.1349163,0.0,0.0,0.0
1757558055.150955,0.0,0.0,0.0
1757558055.164974,0.0,0.0,0.0
1757558055.181085,0.0,0.0,0.0
1757558055.1960163,0.0,0.0,0.0
1757558055.2125823,0.0,0.0,0.0
1757558055.2277336,0.0,0.0,0.0
1757558055.2433376,0.0,0.0,0.0
1757558055.2583709,0.0,0.0,0.0
1757558055.3047857,0.0,0.0,0.0
1757558055.3512719,0.0,0.0,0.0
1757558055.3824885,0.0,0.0,0.0
1757558055.3986402,0.0,0.0,0.0
1757558055.4132617,0.0,0.0,0.0
1757558055.429344,0.0,0.0,0.0
1757558055.443903,0.0,0.0,0.0
1757558055.460087,0.0,0.0,0.0
1757558055.4751256,0.0,0.0,0.0
1757558055.4912016,0.0,0.0,0.0
1757558055.5066211,0.0,0.0,0.0
1757558055.529279,0.0,0.0,0.0
1757558055.552577,0.0,0.0,0.0
1757558055.567579,0.0,0.0,0.0
1757558055.5836773,0.0,0.0,0.0
1757558055.5981417,0.0,0.0,0.0
1757558055.612897,0.0,0.0,0.0
1757558055.628924,0.0,0.0,0.0
1757558055.6434796,0.0,0.0,0.0
1757558055.659462,0.0,0.0,0.0
1757558055.6748984,0.0,0.0,0.0
1757558055.7213042,0.0,0.0,0.0
1757558055.753369,0.0,0.0,0.0
1757558055.783457,0.0,0.0,0.0
1757558055.7986412,0.0,0.0,0.0
1757558055.815155,0.0,0.0,0.0
1757558055.8296144,0.0,0.0,0.0
1757558055.8448062,0.0,0.0,0.0
1757558055.8610785,0.0,0.0,0.0
1757558055.877496,0.0,0.0,0.0
1757558055.8923752,0.0,0.0,0.0
1757558055.9085546,0.0,0.0,0.0
1757558055.923103,0.0,0.0,0.0
1757558055.9383771,0.0,0.0,0.0
1757558055.9539607,0.0,0.0,0.0
1757558055.969903,0.0,0.0,0.0
1757558055.9848287,0.0,0.0,0.0
1757558056.0007913,0.0,0.0,0.0
1757558056.0162978,0.0,0.0,0.0
1757558056.0318482,0.0,0.0,0.0
1757558056.0470538,0.0,0.0,0.0
1757558056.0628912,0.0,0.0,0.0
1757558056.0773237,0.0,0.0,0.0
1757558056.0941584,0.0,0.0,0.0
1757558056.1082916,0.0,0.0,0.0
1757558056.1247962,0.0,0.0,0.0
1757558056.139836,0.0,0.0,0.0
1757558056.1574516,0.0,0.0,0.0
1757558056.1715863,0.0,0.0,0.0
1757558056.1875923,0.0,0.0,0.0
1757558056.2025082,0.0,0.0,0.0
1757558056.2491722,0.0,0.0,0.0
1757558056.295145,0.0,0.0,0.0
1757558056.326417,0.0,0.0,0.0
1757558056.342305,0.0,0.0,0.0
1757558056.357757,0.0,0.0,0.0
1757558056.3737385,0.0,0.0,0.0
1757558056.3882215,0.0,0.0,0.0
1757558056.4047713,0.0,0.0,0.0
1757558056.4187803,0.0,0.0,0.0
1757558056.4348586,0.0,0.0,0.0
1757558056.4497962,0.0,0.0,0.0
1757558056.466251,0.0,0.0,0.0
1757558056.4804575,0.0,0.0,0.0
1757558056.4973297,0.0,0.0,0.0
1757558056.511964,0.0,0.0,0.0
1757558056.5287688,0.0,0.0,0.0
1757558056.5436761,0.0,0.0,0.0
1757558056.5598283,0.0,0.0,0.0
1757558056.5752745,0.0,0.0,0.0
1757558056.590905,0.0,0.0,0.0
1757558056.605782,0.0,0.0,0.0
1757558056.6226234,0.0,0.0,0.0
1757558056.637523,0.0,0.0,0.0
1757558056.6536546,0.0,0.0,0.0
1757558056.6686375,0.0,0.0,0.0
1757558056.6846297,0.0,0.0,0.0
1757558056.7006779,0.0,0.0,0.0
1757558056.7165148,0.0,0.0,0.0
1757558056.7318497,0.0,0.0,0.0
1757558056.7488227,0.0,0.0,0.0
1757558056.7636483,0.0,0.0,0.0
1757558056.7800624,0.0,0.0,0.0
1757558056.7949486,0.0,0.0,0.0
1757558056.8108425,0.0,0.0,0.0
1757558056.826516,0.0,0.0,0.0
1757558056.842209,0.0,0.0,0.0
1757558056.8573866,0.0,0.0,0.0
1757558056.9042218,0.0,0.0,0.0
1757558056.9352043,0.0,0.0,0.0
1757558056.9678483,0.0,0.0,0.0
1757558056.9985461,0.0,0.0,0.0
1757558057.0134525,0.0,0.0,0.0
1757558057.0297008,0.0,0.0,0.0
1757558057.0442908,0.0,0.0,0.0
1757558057.060483,0.0,0.0,0.0
1757558057.0746586,0.0,0.0,0.0
1757558057.0907779,0.0,0.0,0.0
1757558057.1056948,0.0,0.0,0.0
1757558057.122368,0.0,0.0,0.0
1757558057.1365163,0.0,0.0,0.0
1757558057.1529784,0.0,0.0,0.0
1757558057.1674309,0.0,0.0,0.0
1757558057.183628,0.0,0.0,0.0
1757558057.198648,0.0,0.0,0.0
1757558057.2148657,0.0,0.0,0.0
1757558057.229802,0.0,0.0,0.0
1757558057.2476869,0.0,0.0,0.0
1757558057.2625582,0.0,0.0,0.0
1757558057.2789092,0.0,0.0,0.0
1757558057.293756,0.0,0.0,0.0
1757558057.3104546,0.0,0.0,0.0
1757558057.3253589,0.0,0.0,0.0
1757558057.3413358,0.0,0.0,0.0
1757558057.3562076,0.0,0.0,0.0
1757558057.3730109,0.0,0.0,0.0
1757558057.387488,0.0,0.0,0.0
1757558057.4039133,0.0,0.0,0.0
1757558057.4186618,0.0,0.0,0.0
1757558057.4347324,0.0,0.0,0.0
1757558057.449658,0.0,0.0,0.0
1757558057.4672675,0.0,0.0,0.0
1757558057.48102,0.0,0.0,0.0
1757558057.5282555,0.0,0.0,0.0
1757558057.5595798,0.0,0.0,0.0
1757558057.5915694,0.0,0.0,0.0
1757558057.62321,0.0,0.0,0.0
1757558057.6546679,0.0,0.0,0.0
1757558057.669674,0.0,0.0,0.0
1757558057.6862493,0.0,0.0,0.0
1757558057.7007115,0.0,0.0,0.0
1757558057.716603,0.0,0.0,0.0
1757558057.7320385,0.0,0.0,0.0
1757558057.7481284,0.0,0.0,0.0
1757558057.7626731,0.0,0.0,0.0
1757558057.7796311,0.0,0.0,0.0
1757558057.7941868,0.0,0.0,0.0
1757558057.810315,0.0,0.0,0.0
1757558057.8248856,0.0,0.0,0.0
1757558057.8409288,0.0,0.0,0.0
1757558057.8566236,0.0,0.0,0.0
1757558057.8729038,0.0,0.0,0.0
1757558057.887786,0.0,0.0,0.0
1757558057.903821,0.0,0.0,0.0
1757558057.9176126,0.0,0.0,0.0
1757558057.9336743,0.0,0.0,0.0
1757558057.948779,0.0,0.0,0.0
1757558057.9645476,0.0,0.0,0.0
1757558057.9797056,0.0,0.0,0.0
1757558057.9959197,0.0,0.0,0.0
1757558058.0107946,0.0,0.0,0.0
1757558058.027862,0.0,0.0,0.0
1757558058.0421247,0.0,0.0,0.0
1757558058.0586815,0.0,0.0,0.0
1757558058.1039402,0.0,0.0,0.0
1757558058.151034,0.0,0.0,0.0
1757558058.1815064,0.0,0.0,0.0
1757558058.1966166,0.0,0.0,0.0
1757558058.2123332,0.0,0.0,0.0
1757558058.2266476,0.0,0.0,0.0
1757558058.2434196,0.0,0.0,0.0
1757558058.2588596,0.0,0.0,0.0
1757558058.274587,0.0,0.0,0.0
1757558058.2892544,0.0,0.0,0.0
1757558058.3044946,0.0,0.0,0.0
1757558058.319941,0.0,0.0,0.0
1757558058.3361652,0.0,0.0,0.0
1757558058.3515656,0.0,0.0,0.0
1757558058.367783,0.0,0.0,0.0
1757558058.3820016,0.0,0.0,0.0
1757558058.3989456,0.0,0.0,0.0
1757558058.4137983,0.0,0.0,0.0
1757558058.4304948,0.0,0.0,0.0
1757558058.4453526,0.0,0.0,0.0
1757558058.4613228,0.0,0.0,0.0
1757558058.4758072,0.0,0.0,0.0
1757558058.4923985,0.0,0.0,0.0
1757558058.506743,0.0,0.0,0.0
1757558058.5226958,0.0,0.0,0.0
1757558058.537331,0.0,0.0,0.0
1757558058.5538433,0.0,0.0,0.0
1757558058.568463,0.0,0.0,0.0
1757558058.616235,0.0,0.0,0.0
1757558058.662716,0.0,0.0,0.0
1757558058.6938548,0.0,0.0,0.0
1757558058.724784,0.0,0.0,0.0
1757558058.740383,0.0,0.0,0.0
1757558058.7552931,0.0,0.0,0.0
1757558058.7713623,0.0,0.0,0.0
1757558058.7865994,0.0,0.0,0.0
1757558058.802781,0.0,0.0,0.0
1757558058.8178453,0.0,0.0,0.0
1757558058.8346453,0.0,0.0,0.0
1757558058.849331,0.0,0.0,0.0
1757558058.8661256,0.0,0.0,0.0
1757558058.8809881,0.0,0.0,0.0
1757558058.8967154,0.0,0.0,0.0
1757558058.9116278,0.0,0.0,0.0
1757558058.9286675,0.0,0.0,0.0
1757558058.9428782,0.0,0.0,0.0
1757558058.9595633,0.0,0.0,0.0
1757558058.9736187,0.0,0.0,0.0
1757558058.9903166,0.0,0.0,0.0
1757558059.0051823,0.0,0.0,0.0
1757558059.0215237,0.0,0.0,0.0
1757558059.036593,0.0,0.0,0.0
1757558059.0527668,0.0,0.0,0.0
1757558059.069124,0.0,0.0,0.0
1757558059.084553,0.0,0.0,0.0
1757558059.099543,0.0,0.0,0.0
1757558059.1161726,0.0,0.0,0.0
1757558059.1310937,0.0,0.0,0.0
1757558059.1463218,0.0,0.0,0.0
1757558059.1615195,0.0,0.0,0.0
1757558059.2085748,0.0,0.0,0.0
1757558059.2551558,0.0,0.0,0.0
1757558059.3017883,0.0,0.0,0.0
1757558059.3163774,0.0,0.0,0.0
1757558059.332786,0.0,0.0,0.0
1757558059.3479233,0.0,0.0,0.0
1757558059.3643434,0.0,0.0,0.0
1757558059.379591,0.0,0.0,0.0
1757558059.3950891,0.0,0.378,1.01
1757558059.4108677,0.0,2.041,2.194
1757558059.4279342,0.0,2.256,2.259
1757558059.442489,0.0,2.266,2.265
1757558059.4585261,0.0,2.265,2.264
1757558059.473237,0.0,2.258,2.265
1757558059.4893515,0.0,1.96,2.216
1757558059.5042274,0.0,0.501,0.642
1757558059.5207562,0.0,0.0,0.0
1757558059.5354033,0.0,0.0,0.0
1757558059.552651,0.0,0.0,0.0
1757558059.566238,0.0,0.0,0.0
1757558059.5808797,0.0,0.0,0.0
1757558059.5976787,0.0,0.0,0.0
1757558059.6132188,0.514,0.216,0.364
1757558059.6295116,1.351,1.063,1.132
1757558059.6440618,1.757,1.445,1.577
1757558059.6598158,1.961,1.962,1.964
1757558059.6775644,1.96,1.948,1.962
1757558059.69139,1.791,1.588,1.676
1757558059.7066681,1.943,1.85,1.907
1757558059.723306,1.791,1.675,1.746
1757558059.739523,1.587,1.489,1.589
1757558059.7550426,1.568,1.438,1.545
1757558059.7706242,1.225,1.147,1.199
1757558059.7863708,0.803,0.735,0.785
1757558059.8025286,0.714,0.644,0.65
1757558059.8167942,0.442,0.305,0.442
1757558059.8332272,0.295,0.181,0.274
1757558059.879622,0.301,0.139,0.255
1757558059.9264736,0.545,0.503,0.596
1757558059.9578285,1.193,1.117,1.212
1757558059.9725447,1.31,1.232,1.317
1757558059.989442,1.314,1.116,1.295
1757558060.0043154,1.187,1.131,1.265
1757558060.0209982,1.0,0.857,0.997
1757558060.0355582,0.824,0.621,0.792
1757558060.0522408,0.606,0.551,0.677
1757558060.0672083,0.529,0.45,0.544
1757558060.0831416,0.388,0.225,0.328
1757558060.098566,0.338,0.211,0.347
1757558060.1146212,0.315,0.142,0.322
1757558060.1296654,0.372,0.288,0.363
1757558060.1465652,0.567,0.392,0.554
1757558060.1613317,0.643,0.455,0.66
1757558060.17757,0.774,0.702,0.695
1757558060.1923985,0.988,0.961,0.919
1757558060.2085314,1.135,0.96,1.192
1757558060.222374,1.27,1.125,1.26
1757558060.238185,1.235,1.131,1.181
1757558060.2546701,1.13,1.015,1.195
1757558060.269719,1.011,0.931,1.011
1757558060.287141,0.8,0.72,0.735
1757558060.301774,0.766,0.608,0.735
1757558060.3187454,0.592,0.509,0.641
1757558060.3333054,0.485,0.308,0.594
1757558060.349809,0.424,0.288,0.374
1757558060.3647203,0.354,0.16,0.315
1757558060.3810055,0.322,0.118,0.254
1757558060.3967283,0.467,0.283,0.31
1757558060.4128728,0.427,0.321,0.399
1757558060.427621,0.644,0.465,0.605
1757558060.4443424,0.89,0.774,0.804
1757558060.4588196,0.954,0.795,0.89
1757558060.4748344,1.173,1.038,1.156
1757558060.4905238,1.229,1.1,1.185
1757558060.5078745,1.304,1.147,1.203
1757558060.5226858,1.237,1.117,1.235
1757558060.5398078,1.206,1.113,1.221
1757558060.5546498,1.185,1.134,1.185
1757558060.570645,1.096,0.936,1.041
1757558060.5860915,0.876,0.706,0.85
1757558060.6026123,0.718,0.567,0.676
1757558060.6167588,0.683,0.455,0.557
1757558060.6334379,0.429,0.343,0.406
1757558060.6481318,0.451,0.276,0.401
1757558060.6949604,0.374,0.238,0.43
1757558060.7414687,0.89,0.696,0.846
1757558060.7734497,1.182,1.0,1.135
1757558060.8043597,1.31,1.148,1.301
1757558060.8197284,1.065,0.932,1.08
1757558060.8352733,0.915,0.816,0.878
1757558060.8513973,0.625,0.495,0.628
1757558060.8667436,0.52,0.405,0.525
1757558060.8837965,0.522,0.455,0.519
1757558060.8983855,0.474,0.43,0.459
1757558060.914415,0.412,0.207,0.374
1757558060.9290445,0.444,0.267,0.407
1757558060.9445965,0.544,0.376,0.538
1757558060.9609559,0.774,0.641,0.774
1757558060.9763818,0.805,0.684,0.761
1757558060.9924326,0.984,0.964,0.966
1757558061.0082703,1.052,0.961,1.054
1757558061.0237322,1.109,1.085,1.151
1757558061.039611,1.312,1.173,1.22
1757558061.0541723,1.218,1.111,1.286
1757558061.0703073,1.134,0.996,1.069
1757558061.089722,0.775,0.668,0.792
1757558061.1022818,1.279,1.047,1.35
1757558061.116362,0.585,0.473,0.58
1757558061.1326451,0.424,0.29,0.422
1757558061.1474586,0.37,0.251,0.311
1757558061.1634402,0.43,0.229,0.384
1757558061.179176,0.361,0.257,0.279
1757558061.1951258,0.575,0.444,0.477
1757558061.2094686,0.941,0.77,0.869
1757558061.2247798,1.077,0.86,0.986
1757558061.2560143,1.127,0.988,1.111
1757558061.3007379,1.275,1.185,1.237
1757558061.3325388,0.503,0.341,0.567
1757558061.3485796,0.467,0.266,0.372
1757558061.3635097,0.359,0.267,0.313
1757558061.3786821,0.442,0.295,0.466
1757558061.3941934,0.596,0.46,0.504
1757558061.4093094,0.873,0.841,0.863
1757558061.424748,1.027,0.892,1.002
1757558061.4406266,1.162,1.014,1.11
1757558061.4572084,1.191,1.052,1.206
1757558061.4721138,1.272,1.148,1.181
1757558061.4892805,1.237,1.11,1.26
1757558061.5041332,1.189,1.066,1.185
1757558061.5197244,0.996,0.87,1.044
1757558061.5343676,0.864,0.709,0.803
1757558061.5494986,0.64,0.545,0.596
1757558061.5649378,0.405,0.318,0.424
1757558061.58105,0.4,0.28,0.452
1757558061.5977309,0.362,0.296,0.362
1757558061.6123717,0.49,0.348,0.405
1757558061.6285584,0.587,0.466,0.617
1757558061.6431668,0.786,0.567,0.813
1757558061.659467,0.994,0.788,0.944
1757558061.674383,1.021,0.944,0.954
1757558061.6910677,1.148,0.928,1.097
1757558061.706809,1.189,1.015,1.169
1757558061.723211,1.237,1.07,1.237
1757558061.7373202,1.237,1.018,1.201
1757558061.7535412,1.019,0.908,1.017
1757558061.7679024,0.784,0.644,0.745
1757558061.8151612,0.591,0.486,0.559
1757558061.8617468,0.504,0.305,0.522
1757558061.8932974,0.657,0.483,0.669
1757558061.923847,0.941,0.822,0.922
1757558061.9399917,1.156,1.04,1.198
1757558061.9548137,1.174,1.069,1.233
1757558061.971603,1.079,0.927,1.058
1757558061.9861877,1.055,0.855,1.027
1757558062.0027618,0.842,0.736,0.812
1757558062.0341153,0.712,0.567,0.722
1757558062.0486295,0.615,0.373,0.504
1757558062.0648,0.477,0.311,0.476
1757558062.079897,0.435,0.333,0.474
1757558062.0957706,0.455,0.431,0.461
1757558062.1106634,0.632,0.45,0.584
1757558062.127525,0.835,0.658,0.791
1757558062.1424081,0.875,0.757,0.944
1757558062.1583545,1.015,0.906,0.892
1757558062.173185,1.135,1.048,1.096
1757558062.189492,1.152,1.056,1.106
1757558062.2042263,1.145,1.041,1.073
1757558062.2205884,0.998,0.85,0.982
1757558062.2351863,0.96,0.802,0.928
1757558062.252296,0.75,0.565,0.702
1757558062.2666943,0.695,0.532,0.65
1757558062.2828457,0.544,0.459,0.567
1757558062.297496,0.349,0.238,0.425
1757558062.313504,0.408,0.259,0.425
1757558062.3285315,0.606,0.412,0.495
1757558062.3450468,0.632,0.461,0.612
1757558062.3596928,0.749,0.558,0.633
1757558062.407692,0.995,0.782,0.972
1757558062.4531968,1.237,1.035,1.168
1757558062.4838521,0.915,0.787,0.922
1757558062.4996428,0.593,0.529,0.592
1757558062.5145478,0.466,0.334,0.472
1757558062.5305889,0.352,0.295,0.403
1757558062.5454848,0.405,0.237,0.488
1757558062.5614963,0.542,0.472,0.565
1757558062.576818,0.794,0.683,0.723
1757558062.5924432,0.928,0.736,0.844
1757558062.607414,1.013,0.918,1.056
1757558062.6232986,1.162,0.98,1.063
1757558062.6387565,1.237,1.092,1.229
1757558062.6548555,1.226,1.102,1.183
1757558062.670886,1.163,1.058,1.135
1757558062.686526,1.135,1.014,1.11
1757558062.701879,0.915,0.81,0.907
1757558062.7185469,0.758,0.568,0.735
1757558062.7324424,0.652,0.579,0.674
1757558062.7485895,0.455,0.259,0.377
1757558062.7634144,0.193,0.129,0.192
1757558062.7794268,0.0,0.0,0.0
1757558062.794337,0.203,0.023,0.089
1757558062.8102314,1.953,1.93,1.973
1757558062.8250482,2.123,2.136,0.812
1757558062.8418186,2.133,2.14,0.797
1757558062.8566935,2.051,2.054,1.384
1757558062.872573,2.062,2.062,1.295
1757558062.8882794,2.04,2.042,1.418
1757558062.9040484,1.999,1.804,1.302
1757558062.918453,0.893,0.637,1.388
1757558062.9650278,0.0,0.0,1.38
1757558062.9975963,0.0,0.153,1.256
1757558063.0437684,0.0,0.847,1.132
1757558063.07465,2.304,1.024,0.84
1757558063.0916533,2.032,0.811,0.852
1757558063.1055405,1.508,0.737,0.878
1757558063.121944,1.011,0.676,0.913
1757558063.136859,0.816,0.617,0.866
1757558063.153556,0.531,0.585,0.845
1757558063.1696982,0.438,0.579,0.837
1757558063.18511,0.378,0.568,0.817
1757558063.1995132,0.538,0.532,0.787
1757558063.216319,0.559,0.517,0.77
1757558063.2302487,0.577,0.503,0.752
1757558063.247581,0.592,0.502,0.738
1757558063.2624836,0.58,0.482,0.723
1757558063.2788963,0.581,0.473,0.71
1757558063.293945,0.567,0.456,0.691
1757558063.3105888,0.579,0.451,0.686
1757558063.325268,0.576,0.442,0.674
1757558063.3413248,0.575,0.43,0.665
1757558063.3562324,0.557,0.412,0.649
1757558063.3724298,0.542,0.392,0.632
1757558063.3874815,0.513,0.372,0.613
1757558063.4032245,0.477,0.342,0.586
1757558063.4187374,0.434,0.311,0.565
1757558063.435622,0.408,0.284,0.542
1757558063.4498339,0.375,0.26,0.52
1757558063.4668503,0.368,0.245,0.511
1757558063.4822197,0.359,0.236,0.491
1757558063.4986224,0.341,0.217,0.477
1757558063.5135403,0.331,0.193,0.453
1757558063.529409,0.32,0.182,0.438
1757558063.5442457,0.327,0.199,0.447
1757558063.5607996,0.329,0.193,0.426
1757558063.5751686,0.33,0.184,0.412
1757558063.6222892,0.314,0.174,0.4
1757558063.6675558,0.262,0.118,0.343
1757558063.6987355,0.163,0.039,0.267
1757558063.7148998,0.125,0.012,0.231
1757558063.730166,0.122,0.004,0.218
1757558063.7479224,0.122,0.002,0.206
1757558063.762253,0.096,0.0,0.183
1757558063.778704,0.109,0.0,0.184
1757558063.793156,0.124,0.0,0.178
1757558063.809578,0.131,0.0,0.168
1757558063.8247662,0.096,0.0,0.144
1757558063.840951,0.02,0.0,0.094
1757558063.8566315,0.0,0.0,0.043
1757558063.8734906,0.0,0.0,0.015
1757558063.8880203,0.0,0.0,0.003
1757558063.9045815,0.0,0.0,0.0
1757558063.9196405,0.0,0.0,0.0
1757558063.9347947,0.0,0.0,0.0
1757558063.9504156,0.0,0.0,0.0
1757558063.9665608,0.0,0.0,0.0
1757558063.980906,0.0,0.0,0.0
1757558063.9976413,0.0,0.0,0.0
1757558064.0125513,0.0,0.0,0.0
1757558064.0286808,0.0,0.0,0.0
1757558064.0435588,0.0,0.0,0.0
1757558064.0595102,0.0,0.0,0.0
1757558064.0744236,0.0,0.0,0.0
1757558064.089575,0.0,0.0,0.0
1757558064.1044505,0.0,0.0,0.0
1757558064.1208718,0.0,0.0,0.0
1757558064.1362844,0.0,0.0,0.0
1757558064.1523345,0.0,0.0,0.0
1757558064.166478,0.0,0.0,0.0
1757558064.2137983,0.0,0.0,0.0
1757558064.2599952,0.0,0.0,0.0
1757558064.2906287,0.0,0.0,0.0
1757558064.307934,0.0,0.0,0.0
1757558064.3227935,0.0,0.0,0.0
1757558064.3388941,0.0,0.0,0.0
1757558064.3534412,0.0,0.0,0.0
1757558064.3698268,0.0,0.0,0.0
1757558064.3843918,0.0,0.0,0.0
1757558064.4003386,0.0,0.0,0.0
1757558064.4146113,0.0,0.0,0.0
1757558064.4306667,0.0,0.0,0.0
1757558064.44674,0.297,0.143,0.0
1757558064.4629474,0.352,0.258,0.0
1757558064.4781146,0.589,0.45,0.022
1757558064.4944887,0.789,0.606,0.338
1757558064.5096292,0.932,0.714,0.612
1757558064.5249846,1.104,0.837,1.012
1757558064.5408912,1.191,0.928,1.341
1757558064.557815,1.237,0.997,1.528
1757558064.5726902,1.276,0.994,1.599
1757558064.5891082,1.29,0.973,1.697
1757558064.6040263,1.202,0.94,1.698
1757558064.6205792,1.04,0.81,1.525
1757558064.6354418,0.916,0.717,1.303
1757558064.6517544,0.704,0.566,0.94
1757558064.666221,0.469,0.344,0.552
1757558064.68302,0.317,0.258,0.258
1757558064.6971312,0.309,0.254,0.135
1757558064.714753,0.334,0.305,0.043
1757558064.7286243,0.404,0.322,0.07
1757558064.7446475,0.586,0.519,0.217
1757558064.760336,0.86,0.724,0.557
1757558064.7749684,1.036,0.899,0.841
1757558064.79095,1.198,1.015,1.206
1757558064.8075464,1.272,1.046,1.394
1757558064.8223674,1.327,1.056,1.472
1757558064.8391006,1.299,1.061,1.53
1757558064.853654,1.299,1.065,1.586
1757558064.9002676,1.008,0.803,1.321
1757558064.9307113,0.327,0.21,0.254
1757558064.9455895,0.34,0.242,0.112
1757558064.9609854,0.471,0.425,0.245
1757558064.9766755,0.836,0.741,0.616
1757558064.9927537,0.979,0.848,0.78
1757558065.007797,1.148,1.031,1.07
1757558065.0237706,1.289,1.09,1.274
1757558065.0385368,1.313,1.094,1.359
1757558065.0547895,1.277,1.032,1.506
1757558065.0699165,1.144,0.919,1.422
1757558065.0877814,0.984,0.776,1.26
1757558065.1026902,1.025,0.824,1.315
1757558065.1197011,0.919,0.748,1.135
1757558065.1342604,0.749,0.602,0.928
1757558065.1506362,0.508,0.359,0.573
1757558065.1652417,0.362,0.25,0.348
1757558065.1810954,0.313,0.215,0.269
1757558065.1968193,0.276,0.208,0.115
1757558065.2126775,0.273,0.215,0.111
1757558065.2272239,0.504,0.449,0.252
1757558065.2436807,0.802,0.689,0.556
1757558065.2589643,0.957,0.838,0.791
1757558065.2747169,1.123,0.952,0.979
1757558065.2898,1.222,1.044,1.177
1757558065.304952,1.322,1.121,1.426
1757558065.3199894,1.276,1.024,1.459
1757558065.3363369,1.032,0.839,1.279
1757558065.350015,0.721,0.57,0.879
1757558065.366279,0.423,0.338,0.468
1757558065.411601,0.284,0.196,0.267
1757558065.4427712,0.569,0.518,0.348
1757558065.4735513,1.085,0.89,0.891
1757558065.4897115,1.274,1.226,1.888
1757558065.5046346,1.096,0.0,0.0
1757558065.5203013,1.001,0.0,0.0
1757558065.5349073,0.94,0.0,0.0
1757558065.5505905,0.891,0.0,0.0
1757558065.5678368,0.864,0.0,0.0
1757558065.5833943,0.838,0.0,0.0
1757558065.599498,0.812,0.0,0.0
1757558065.6140513,0.789,0.0,0.0
1757558065.630673,0.773,0.0,0.0
1757558065.6462376,0.761,0.0,0.0
1757558065.6611109,0.745,0.0,0.0
1757558065.6762865,0.753,0.0,0.0
1757558065.6922667,0.737,0.0,0.0
1757558065.7077322,0.733,0.0,0.0
1757558065.7247114,0.713,0.0,0.0
1757558065.7397037,0.701,0.0,0.0
1757558065.7561529,0.687,0.0,0.0
1757558065.7715223,0.683,0.0,0.0
1757558065.7881675,2.655,0.0,0.0
1757558065.8020241,1.661,1.372,0.0
1757558065.8183987,0.0,0.0,0.0
1757558065.8329005,0.0,0.0,0.0
1757558065.8498535,0.168,0.125,0.181
1757558065.864753,0.373,0.185,0.355
1757558065.880874,0.34,0.226,0.319
1757558065.8964927,0.379,0.174,0.342
1757558065.9126794,0.321,0.196,0.322
1757558065.9275887,0.459,0.227,0.383
1757558065.9442868,0.529,0.444,0.529
1757558065.9597025,0.546,0.405,0.516
1757558065.9752,0.836,0.675,0.762
1757558065.990116,0.967,0.832,0.939
1757558066.0074584,1.109,0.99,1.119
1757558066.021842,1.05,0.907,1.047
1757558066.0388916,1.237,1.045,1.189
1757558066.0536368,1.163,1.044,1.123
1757558066.0707474,1.207,1.011,1.173
1757558066.0853305,1.15,1.018,1.102
1757558066.132617,1.075,0.833,0.96
1757558066.1633718,0.555,0.38,0.477
1757558066.194962,0.48,0.302,0.469
1757558066.2267487,0.529,0.368,0.473
1757558066.2416434,0.796,0.683,0.84
1757558066.258111,0.878,0.756,0.845
1757558066.272934,0.98,0.816,1.002
1757558066.2889016,1.16,1.003,1.027
1757558066.3035395,1.335,1.114,1.263
1757558066.3195508,1.135,1.048,1.205
1757558066.3345134,1.008,0.949,0.978
1757558066.3512378,0.955,0.702,0.912
1757558066.366232,0.696,0.631,0.748
1757558066.3824887,0.695,0.49,0.658
1757558066.3967853,0.431,0.408,0.412
1757558066.413527,0.371,0.296,0.384
1757558066.4288003,0.322,0.258,0.322
1757558066.444744,0.513,0.369,0.411
1757558066.4593117,0.562,0.396,0.567
1757558066.4750707,0.738,0.67,0.693
1757558066.489216,0.99,0.824,1.019
1757558066.5046992,1.215,1.012,1.098
1757558066.520107,1.201,1.092,1.227
1757558066.537397,1.237,1.068,1.132
1757558066.551824,1.148,1.057,1.215
1757558066.5686772,1.056,0.928,1.044
1757558066.58287,0.855,0.697,0.824
1757558066.5992692,0.658,0.477,0.645
1757558066.614089,0.456,0.348,0.412
1757558066.630853,0.427,0.236,0.379
1757558066.6467638,0.322,0.189,0.323
1757558066.662539,0.297,0.152,0.273
1757558066.6779382,0.342,0.165,0.312
1757558066.6940062,0.4,0.329,0.382
1757558066.7399988,0.629,0.405,0.528
1757558066.7882044,1.153,1.005,1.085
1757558066.8189456,1.348,1.234,1.293
1757558066.8498566,0.98,0.968,1.11
1757558066.8644598,0.581,0.447,0.534
1757558066.8804648,0.365,0.296,0.4
1757558066.8958013,0.367,0.216,0.244
1757558066.9122496,0.271,0.142,0.284
1757558066.927691,0.322,0.223,0.287
1757558066.9438438,0.4,0.275,0.409
1757558066.9583771,0.637,0.412,0.592
1757558066.9748418,0.89,0.728,0.894
1757558066.9901206,1.007,0.837,0.986
1757558067.0080113,1.097,0.91,1.098
1757558067.0228682,1.065,0.957,1.046
1757558067.0395293,1.237,1.083,1.237
1757558067.0552678,1.275,1.111,1.264
1757558067.071313,1.301,1.166,1.372
1757558067.0858653,1.495,1.345,1.505
1757558067.1017346,1.612,1.394,1.622
1757558067.116351,0.505,0.425,0.617
1757558067.132083,0.0,0.0,0.0
1757558067.1467981,0.0,0.0,0.0
1757558067.1626034,2.671,0.0,0.0
1757558067.1776,2.635,0.021,0.0
1757558067.1940908,2.557,0.164,0.0
1757558067.2088082,2.457,0.27,0.012
1757558067.2248425,2.328,0.322,0.04
1757558067.2400565,2.22,0.368,0.064
1757558067.256444,2.133,0.386,0.069
1757558067.2709882,2.062,0.4,0.081
1757558067.2872088,2.009,0.396,0.081
1757558067.302777,1.954,0.389,0.079
1757558067.318621,1.908,0.372,0.073
1757558067.333172,1.87,0.361,0.06
1757558067.3796177,1.838,0.343,0.052
1757558067.4098656,1.766,0.321,0.023
1757558067.4429595,1.746,0.32,0.01
1757558067.4733722,1.715,0.297,0.0
1757558067.4904284,1.687,0.272,0.0
1757558067.504093,1.671,0.258,0.0
1757558067.5205612,1.642,0.241,0.0
1757558067.5354,1.617,0.219,0.0
1757558067.5505838,1.6,0.193,0.0
1757558067.5677333,1.576,0.16,0.0
1757558067.5826156,1.56,0.146,0.0
1757558067.59962,1.542,0.131,0.0
1757558067.6148627,1.525,0.125,0.0
1757558067.630858,1.501,0.103,0.0
1757558067.6465938,1.493,0.088,0.0
1757558067.662162,1.483,0.079,0.0
1757558067.676842,1.472,0.077,0.0
1757558067.693082,1.46,0.077,0.0
1757558067.7079692,1.457,0.065,0.0
1757558067.7250135,1.45,0.061,0.0
1757558067.7386208,1.433,0.049,0.0
1757558067.7548168,1.418,0.044,0.0
1757558067.769501,1.401,0.028,0.0
1757558067.7846284,1.376,0.008,0.0
1757558067.8014498,1.343,0.0,0.0
1757558067.8168337,1.328,0.0,0.0
1757558067.8328226,1.3,0.0,0.0
1757558067.8484042,1.272,0.0,0.0
1757558067.8645303,1.237,0.0,0.0
1757558067.8802583,1.227,0.0,0.0
1757558067.8965135,1.21,0.0,0.0
1757558067.9112866,1.212,0.0,0.0
1757558067.9279182,1.219,0.0,0.0
1757558067.9427812,1.225,0.0,0.0
1757558067.9591768,1.237,0.0,0.0
1757558067.9740396,1.237,0.0,0.0
1757558067.990267,1.282,0.0,0.0
1757558068.0058095,1.278,0.0,0.0
1757558068.0214186,1.271,0.0,0.0
1757558068.0365143,1.205,0.0,0.0
1757558068.084889,1.159,0.0,0.0
1757558068.1290565,0.908,0.0,0.0
1757558068.1446643,0.931,0.0,0.0
1757558068.1606553,1.002,0.0,0.0
1757558068.1775863,1.045,0.0,0.0
1757558068.191894,1.069,0.0,0.0
1757558068.2085936,1.131,0.0,0.0
1757558068.222475,1.149,0.0,0.0
1757558068.2376251,1.131,0.0,0.0
1757558068.253609,1.048,0.0,0.0
1757558068.2718027,0.954,0.0,0.0
1757558068.2874851,0.919,0.0,0.0
1757558068.2994554,0.895,0.0,0.0
1757558068.3164,0.728,0.0,0.0
1757558068.3308647,0.708,0.0,0.0
1757558068.3464808,0.717,0.0,0.0
1757558068.361898,0.717,0.0,0.0
1757558068.3788588,0.766,0.0,0.0
1757558068.3935153,0.766,0.0,0.0
1757558068.4098065,0.843,0.0,0.0
1757558068.4246848,0.858,0.0,0.0
1757558068.4411242,0.886,0.0,0.0
1757558068.4563942,0.852,0.0,0.0
1757558068.4723628,0.845,0.0,0.0
1757558068.4875927,0.803,0.0,0.0
1757558068.5046322,0.762,0.0,0.0
1757558068.5187721,0.709,0.0,0.0
1757558068.5348651,0.645,0.0,0.0
1757558068.550236,0.586,0.0,0.0
1757558068.5663638,0.563,0.0,0.0
1757558068.5809023,0.527,0.0,0.0
1757558068.5975924,0.517,0.0,0.0
1757558068.6424837,0.524,0.0,0.0
1757558068.674331,0.604,0.0,0.0
1757558068.7059767,0.615,0.0,0.0
1757558068.736548,0.579,0.0,0.0
1757558068.7530813,0.516,0.0,0.0
1757558068.7672176,0.444,0.0,0.0
1757558068.7838674,0.384,0.0,0.0
1757558068.798703,0.363,0.0,0.0
1757558068.8153694,0.33,0.0,0.0
1757558068.830519,0.32,0.0,0.0
1757558068.8461576,0.334,0.0,0.0
1757558068.8603024,0.309,0.0,0.0
1757558068.884416,0.38,0.0,0.0
1757558068.8915305,0.357,0.0,0.0
1757558068.9085958,0.425,0.0,0.0
1757558068.9235506,0.405,0.0,0.0
1757558068.9405468,0.412,0.0,0.0
1757558068.9550955,0.391,0.0,0.0
1757558068.9716763,0.363,0.0,0.0
1757558068.9862282,0.342,0.0,0.0
1757558069.002967,0.294,0.0,0.0
1757558069.0170596,0.247,0.0,0.0
1757558069.0336468,0.193,0.0,0.0
1757558069.0484085,0.165,0.0,0.0
1757558069.0654604,0.143,0.0,0.0
1757558069.079401,0.135,0.0,0.0
1757558069.0961933,0.143,0.0,0.0
1757558069.1107373,0.163,0.0,0.0
1757558069.126447,0.185,0.0,0.0
1757558069.1410573,0.223,0.0,0.0
1757558069.158165,0.252,0.0,0.0
1757558069.17272,0.246,0.0,0.0
1757558069.1897235,0.235,0.0,0.0
1757558069.2042112,0.219,0.0,0.0
1757558069.2527995,0.195,0.0,0.0
1757558069.26793,0.09,0.0,0.0
1757558069.2844925,0.064,0.0,0.0
1757558069.3307548,0.015,0.0,0.0
1757558069.3786638,0.0,0.0,0.0
1757558069.425016,0.0,0.0,0.0
1757558069.4405713,0.064,0.0,0.0
1757558069.4551647,0.066,0.0,0.0
1757558069.4720721,0.055,0.0,0.0
1757558069.487117,0.044,0.0,0.0
1757558069.5042298,0.021,0.0,0.0
1757558069.5193112,0.005,0.0,0.0
1757558069.5359526,0.0,0.0,0.0
1757558069.5513902,0.0,0.0,0.0
1757558069.5684655,0.0,0.0,0.0
1757558069.5830612,0.0,0.0,0.0
1757558069.5987842,0.0,0.0,0.0
1757558069.61342,0.0,0.0,0.0
1757558069.6286075,0.0,0.0,0.0
1757558069.6451974,0.0,0.0,0.0
1757558069.6612895,0.0,0.0,0.0
1757558069.6763835,0.0,0.0,0.0
1757558069.6919556,0.0,0.0,0.0
1757558069.7074318,0.0,0.0,0.0
1757558069.7249556,0.0,0.0,0.0
1757558069.7379978,0.0,0.0,0.0
1757558069.7536364,0.0,0.0,0.0
1757558069.7699745,0.0,0.0,0.0
1757558069.784513,0.0,0.0,0.0
1757558069.8002672,0.0,0.0,0.0
1757558069.8148499,0.0,0.0,0.0
1757558069.8309872,0.0,0.0,0.0
1757558069.846351,0.0,0.0,0.0
1757558069.861998,0.0,0.0,0.0
1757558069.8771453,0.0,0.0,0.0
1757558069.8928685,0.0,0.0,0.0
1757558069.9079192,0.0,0.0,0.0
1757558069.9245667,0.0,0.0,0.0
1757558069.9395921,0.0,0.0,0.0
1757558069.9561293,0.0,0.0,0.0
1757558069.9711678,0.0,0.0,0.0
1757558069.9882321,0.0,0.0,0.0
1757558070.0341403,0.0,0.0,0.0
1757558070.0647233,0.0,0.0,0.0
1757558070.096207,0.0,0.0,0.0
1757558070.1203816,0.0,0.0,0.0
1757558070.1436417,0.0,0.0,0.0
1757558070.1587527,0.0,0.0,0.0
1757558070.175304,0.0,0.0,0.0
1757558070.1894693,0.0,0.0,0.008
1757558070.204604,0.0,0.0,0.057
1757558070.220591,0.0,0.0,0.053
1757558070.236209,0.0,0.0,0.042
1757558070.2522275,0.0,0.0,0.002
1757558070.2693427,0.0,0.0,0.0
1757558070.283932,0.0,0.0,0.0
1757558070.300599,0.0,0.0,0.0
1757558070.315173,0.0,0.0,0.0
1757558070.3322062,0.0,0.0,0.0
1757558070.3463662,0.0,0.0,0.0
1757558070.3629925,0.0,0.0,0.0
1757558070.3771405,0.0,0.0,0.0
1757558070.3926497,0.0,0.0,0.0
1757558070.4083812,0.0,0.0,0.0
1757558070.4248521,0.0,0.0,0.0
1757558070.4390802,0.0,0.0,0.054
1757558070.4561808,0.0,0.0,0.109
1757558070.4712877,0.0,0.0,0.143
1757558070.4874084,0.0,0.0,0.169
1757558070.501535,0.0,0.0,0.081
1757558070.5186048,0.0,0.0,0.0
1757558070.5332298,0.0,0.0,0.0
1757558070.5494113,0.0,0.0,0.0
1757558070.5640461,0.0,0.0,0.0
1757558070.5811458,0.0,0.0,0.0
1757558070.5960593,0.0,0.0,0.0
1757558070.6130185,0.0,0.0,0.0
1757558070.6272445,0.0,0.0,0.0
1757558070.6443074,0.0,0.0,0.044
1757558070.6593432,0.0,0.0,0.118
1757558070.705927,0.0,0.0,0.246
1757558070.7362099,0.0,0.0,0.628
1757558070.7509696,0.0,0.0,0.322
1757558070.7680292,0.0,0.0,0.22
1757558070.78261,0.0,0.0,0.155
1757558070.7993538,0.0,0.0,0.058
1757558070.8139162,0.0,0.0,0.018
1757558070.8301091,0.0,0.0,0.028
1757558070.8446634,0.0,0.0,0.101
1757558070.8607557,0.0,0.0,0.25
1757558070.8753052,0.0,0.0,0.504
1757558070.891059,0.0,0.0,0.762
1757558070.906296,0.0,0.0,0.89
1757558070.9222596,0.0,0.0,0.986
1757558070.9373994,0.0,0.0,0.957
1757558070.9531476,0.0,0.0,0.895
1757558070.9673567,0.0,0.0,0.789
1757558070.9839983,0.0,0.0,0.372
1757558070.9986973,0.0,0.0,0.224
1757558071.0143175,0.0,0.0,0.127
1757558071.0291407,0.0,0.0,0.147
1757558071.04469,0.0,0.0,0.219
1757558071.0605512,0.0,0.0,0.404
1757558071.0761695,0.0,0.0,0.529
1757558071.091368,0.0,0.0,0.708
1757558071.1080067,0.0,0.0,0.993
1757558071.1538246,0.0,0.0,1.065
1757558071.201518,0.0,0.0,0.93
1757558071.2474442,0.0,0.0,0.632
1757558071.2640176,0.0,0.0,0.143
1757558071.2782218,0.0,0.0,0.199
1757558071.294414,0.0,0.0,0.386
1757558071.309484,0.0,0.0,0.618
1757558071.3265667,0.0,0.0,0.753
1757558071.3402297,0.0,0.0,0.908
1757558071.3571994,0.0,0.0,1.102
1757558071.371792,0.0,0.0,1.087
1757558071.3889165,0.0,0.0,1.076
1757558071.4030795,0.0,0.0,1.056
1757558071.4192898,0.0,0.0,0.891
1757558071.433817,0.0,0.0,0.649
1757558071.450038,0.0,0.0,0.391
1757558071.4646325,0.0,0.0,0.338
1757558071.4807913,0.0,0.0,0.144
1757558071.4964924,0.0,0.0,0.169
1757558071.5130503,0.0,0.0,0.188
1757558071.5280674,0.0,0.0,0.297
1757558071.544587,0.0,0.0,0.392
1757558071.5596197,0.0,0.0,0.392
1757558071.5752542,0.0,0.0,0.724
1757558071.5913622,0.0,0.0,0.695
1757558071.608022,0.0,0.0,0.993
1757558071.62267,0.0,0.0,1.07
1757558071.6388273,0.0,0.0,1.115
1757558071.6533926,0.0,0.0,1.07
1757558071.6704693,0.0,0.0,0.946
1757558071.685046,0.0,0.0,0.87
1757558071.7008755,0.0,0.0,0.666
1757558071.7159784,0.0,0.0,0.32
1757558071.7326028,0.0,0.0,0.225
1757558071.7476401,0.0,0.0,0.162
1757558071.764251,0.0,0.0,0.137
1757558071.7783957,0.0,0.0,0.168
1757558071.8261573,0.0,0.0,0.34
1757558071.8571281,0.0,0.0,0.915
1757558071.8879848,0.0,0.0,1.119
1757558071.9021811,0.0,0.0,1.008
1757558071.918342,0.0,0.0,0.79
1757558071.932885,0.0,0.0,0.508
1757558071.9490373,0.0,0.0,0.297
1757558071.9636326,0.0,0.0,0.147
1757558071.979889,0.0,0.0,0.144
1757558071.9940338,0.0,0.0,0.245
1757558072.010033,0.0,0.0,0.516
1757558072.0262296,0.0,0.0,0.404
1757558072.042874,0.0,0.0,0.73
1757558072.0570815,0.0,0.0,0.895
1757558072.073681,0.0,0.0,1.096
1757558072.0884771,0.0,0.0,1.14
1757558072.1046655,0.0,0.0,1.13
1757558072.1197715,0.0,0.0,1.028
1757558072.1359386,0.0,0.0,0.959
1757558072.1505837,0.0,0.0,0.782
1757558072.1666102,0.0,0.0,0.451
1757558072.1812148,0.0,0.0,0.277
1757558072.1963985,0.0,0.0,0.138
1757558072.2124631,0.0,0.0,0.146
1757558072.2286513,0.0,0.0,0.235
1757558072.243243,0.0,0.0,0.402
1757558072.2603526,0.0,0.0,0.669
1757558072.2749627,0.0,0.0,0.752
1757558072.3215196,0.0,0.0,0.96
1757558072.352162,0.0,0.0,1.065
1757558072.3673553,0.0,0.0,0.62
1757558072.383554,0.0,0.0,0.519
1757558072.3983057,0.0,0.0,0.228
1757558072.4148376,0.0,0.0,0.136
1757558072.4297976,0.0,0.0,0.127
1757558072.4463332,0.0,0.0,0.125
1757558072.4614227,0.0,0.0,0.247
1757558072.4776678,0.0,0.0,0.333
1757558072.4921885,0.0,0.0,0.645
1757558072.5088933,0.0,0.0,0.836
1757558072.523504,0.0,0.0,1.009
1757558072.539662,0.0,0.0,1.119
1757558072.5542915,0.0,0.0,1.149
1757558072.5705323,0.0,0.0,1.09
1757558072.5850906,0.0,0.0,0.955
1757558072.6015847,0.0,0.0,0.72
1757558072.6161022,0.0,0.0,0.541
1757558072.633127,0.0,0.0,0.304
1757558072.647301,0.0,0.0,0.198
1757558072.663917,0.0,0.0,0.142
1757558072.678116,0.0,0.0,0.142
1757558072.694322,0.0,0.0,0.322
1757558072.709381,0.0,0.0,0.425
1757558072.72446,0.0,0.0,0.662
1757558072.740019,0.0,0.0,0.966
1757558072.7561486,0.0,0.0,1.095
1757558072.7702904,0.0,0.0,1.124
1757558072.7874799,0.0,0.0,1.05
1757558072.8332043,0.0,0.0,1.083
1757558072.881131,0.0,0.0,0.349
1757558072.9123726,0.0,0.0,0.082
1757558072.926498,0.0,0.0,0.255
1757558072.9430566,0.0,0.0,0.562
1757558072.9571702,0.0,0.0,0.791
1757558072.9728274,0.0,0.0,0.995
1757558072.9889498,0.0,0.0,0.956
1757558073.005078,0.0,0.0,0.941
1757558073.019278,0.0,0.0,0.889
1757558073.0348568,0.0,0.0,0.752
1757558073.05104,0.0,0.0,0.673
1757558073.0662382,0.0,0.0,0.528
1757558073.0829015,0.0,0.0,0.457
1757558073.0970788,0.0,0.0,0.466
1757558073.1135612,0.0,0.0,0.387
1757558073.127706,0.0,0.0,0.4
1757558073.1443493,0.0,0.0,0.425
1757558073.158478,0.0,0.0,0.425
1757558073.1750395,0.0,0.0,0.412
1757558073.1900682,0.0,0.0,0.407
1757558073.2074513,0.0,0.0,0.401
1757558073.2219648,0.0,0.0,0.385
1757558073.2382302,0.0,0.0,0.378
1757558073.252775,0.0,0.0,0.353
1757558073.2688937,0.0,0.0,0.336
1757558073.2834785,0.0,0.0,0.312
1757558073.2992053,0.0,0.0,0.294
1757558073.3137703,0.0,0.0,0.261
1757558073.3615482,0.0,0.0,0.238
1757558073.3931007,0.0,0.0,0.193
1757558073.4395285,0.0,0.0,0.164
1757558073.4703186,0.0,0.0,0.15
1757558073.487507,0.0,0.0,0.131
1757558073.5192955,0.0,0.0,0.117
1757558073.5499363,0.0,0.0,0.09
1757558073.5645027,0.0,0.0,0.046
1757558073.5803645,0.0,0.0,0.026
1757558073.5954528,0.0,0.0,0.013
1757558073.6116078,0.0,0.0,0.006
1757558073.6262012,0.0,0.0,0.0
1757558073.6431684,0.0,0.0,0.0
1757558073.6582282,0.0,0.0,0.0
1757558073.6747947,0.0,0.0,0.0
1757558073.689828,0.0,0.0,0.0
1757558073.7060137,0.0,0.0,0.116
1757558073.719984,0.0,0.0,0.089
1757558073.7371285,0.0,0.0,0.08
1757558073.7516968,0.0,0.0,0.065
1757558073.76784,0.0,0.0,0.052
1757558073.7824051,0.0,0.0,0.0
1757558073.799141,0.0,0.0,0.0
1757558073.8136735,0.0,0.0,0.0
1757558073.829779,0.0,0.0,0.0
1757558073.84438,0.0,0.0,0.0
1757558073.8611994,0.0,0.0,0.0
1757558073.876342,0.0,0.0,0.0
1757558073.893,0.0,0.0,0.0
1757558073.906668,0.0,0.0,0.0
1757558073.9540722,0.0,0.0,0.096
1757558073.9993956,0.0,0.0,0.137
1757558074.029651,0.0,0.0,0.0
1757558074.0462508,0.0,0.0,0.0
1757558074.0604255,0.0,0.0,0.0
1757558074.0776417,0.0,0.0,0.0
1757558074.092291,0.0,0.0,0.0
1757558074.1085706,0.0,0.0,0.0
1757558074.1232197,0.0,0.0,0.0
1757558074.1394458,0.0,0.0,0.0
1757558074.1539876,0.0,0.0,0.041
1757558074.1707292,0.0,0.0,0.039
1757558074.1853278,0.0,0.0,0.023
1757558074.202073,0.0,0.0,0.0
1757558074.2162452,0.0,0.0,0.0
1757558074.2328856,0.0,0.0,0.0
1757558074.2479987,0.0,0.0,0.0
1757558074.2645295,0.0,0.0,0.0
1757558074.2786882,0.0,0.0,0.0
1757558074.295617,0.0,0.0,0.0
1757558074.309622,0.0,0.0,0.0
1757558074.3262172,0.0,0.0,0.0
1757558074.3404098,0.0,0.0,0.0
1757558074.3571897,0.0,0.0,0.0
1757558074.3716955,0.0,0.0,0.0
1757558074.3888419,0.0,0.0,0.0
1757558074.4029994,0.0,0.0,0.0
1757558074.4200878,0.0,0.0,0.0
1757558074.4347234,0.0,0.0,0.0
1757558074.4515138,0.0,0.0,0.0
1757558074.4660704,0.0,0.0,0.0
1757558074.5121994,0.0,0.0,0.0
1757558074.5419922,0.0,0.0,0.0
1757558074.5571012,0.0,0.0,0.34
1757558074.5736666,0.0,0.0,1.47
1757558074.5888174,0.0,0.0,1.552
1757558074.6063967,0.0,0.0,2.65
1757558074.6210487,0.0,0.0,2.665
1757558074.6372683,0.0,0.0,2.669
1757558074.6518533,0.0,1.716,2.358
1757558074.6681945,0.0,1.959,2.312
1757558074.68267,0.0,1.539,2.342
1757558074.698332,0.0,0.802,1.431
1757558074.7128978,0.0,0.0,0.0
1757558074.729088,0.144,0.0,0.0
1757558074.7436674,0.354,0.0,0.0
1757558074.7597418,0.623,0.0,0.0
1757558074.7742817,1.044,0.0,0.0
1757558074.7910023,0.939,1.255,0.824
1757558074.806087,0.412,2.083,1.575
1757558074.822983,0.355,2.193,2.187
1757558074.8370872,0.337,2.202,2.202
1757558074.8536038,0.322,2.205,2.205
1757558074.8676338,0.303,2.202,2.207
1757558074.8841875,0.248,2.179,2.215
1757558074.8988664,0.271,1.564,1.964
1757558074.914437,0.374,0.4,0.707
1757558074.9308214,0.366,0.0,0.0
1757558074.9467416,0.331,0.0,0.0
1757558074.9622986,0.278,0.0,0.0
1757558074.9785078,0.251,0.0,0.0
1757558074.9930165,0.232,0.0,0.0
1757558075.0405796,0.243,0.0,0.0
1757558075.0713358,0.225,1.916,1.927
1757558075.1030455,0.204,2.219,2.218
1757558075.1181953,0.168,2.224,2.225
1757558075.1348083,0.168,2.221,2.223
1757558075.149008,0.154,1.92,2.144
1757558075.1646245,0.247,0.485,0.735
1757558075.1798317,0.272,0.0,0.0
1757558075.1961246,0.259,0.0,0.0
1757558075.2116961,0.256,0.0,0.0
1757558075.2279286,0.251,0.0,0.0
1757558075.2424815,0.27,0.0,0.0
1757558075.2586439,0.354,0.0,0.0
1757558075.273201,0.384,0.515,0.465
1757558075.2893455,0.297,1.633,1.547
1757558075.3035383,0.27,2.192,2.203
1757558075.319685,0.275,2.21,2.21
1757558075.3343425,0.425,2.189,2.188
1757558075.351434,0.358,2.152,2.195
1757558075.3660579,0.388,1.981,2.193
1757558075.382065,0.193,0.957,1.315
1757558075.3962388,0.0,0.0,0.095
1757558075.4128797,0.0,0.0,0.0
1757558075.4276018,0.0,0.0,0.0
1757558075.4440606,0.001,0.0,0.0
1757558075.4590814,0.0,0.0,0.0
1757558075.4760523,0.09,0.0,0.031
1757558075.4905722,0.343,0.182,0.297
1757558075.507359,0.514,0.388,0.459
1757558075.52187,0.742,0.542,0.607
1757558075.5388908,0.915,0.789,0.867
1757558075.5533998,0.874,0.701,0.797
1757558075.569641,1.193,1.096,1.185
1757558075.6163702,1.327,1.181,1.294
1757558075.6631224,1.179,1.059,1.22
1757558075.6934185,0.483,0.374,0.482
1757558075.70819,0.348,0.242,0.322
1757558075.724306,0.43,0.271,0.433
1757558075.738468,0.623,0.488,0.555
1757558075.7550569,0.882,0.724,0.791
1757558075.7693727,1.018,0.884,0.962
1757558075.7849848,1.198,1.008,1.131
1757558075.801521,1.223,1.096,1.227
1757558075.816075,1.235,1.11,1.268
1757558075.8331506,1.182,1.004,1.124
1757558075.8481874,1.07,0.911,1.044
1757558075.8647099,0.993,0.817,0.971
1757558075.8787496,0.774,0.657,0.807
1757558075.8943985,0.575,0.503,0.554
1757558075.9111965,0.442,0.331,0.487
1757558075.9253626,0.438,0.276,0.453
1757558075.9405084,0.378,0.288,0.315
1757558075.956603,0.583,0.442,0.554
1757558075.97224,0.722,0.571,0.657
1757558075.988241,0.795,0.679,0.772
1757558076.0027573,0.865,0.683,0.867
1757558076.0190597,1.16,1.017,1.084
1757558076.0335748,1.22,1.031,1.164
1757558076.0497642,1.175,1.076,1.177
1757558076.0951445,1.029,0.929,1.032
1757558076.1307712,0.608,0.401,0.629
1757558076.1730025,0.735,0.637,0.687
1757558076.1890469,0.641,0.522,0.619
1757558076.2051973,0.765,0.58,0.71
1757558076.2202306,0.993,0.816,0.95
1757558076.2420282,1.03,0.905,0.969
1757558076.268563,0.877,0.762,0.871
1757558076.2830768,1.237,1.065,1.208
1757558076.3001425,1.136,1.052,1.128
1757558076.3147013,1.151,0.953,1.122
1757558076.3317406,0.997,0.816,0.977
1757558076.3462558,0.822,0.7,0.848
1757558076.362093,0.647,0.521,0.65
1757558076.3781762,0.49,0.352,0.49
1757558076.3937607,0.499,0.339,0.425
1757558076.40886,0.433,0.258,0.455
1757558076.4253836,0.376,0.303,0.359
1757558076.4393704,0.491,0.334,0.434
1757558076.4564903,0.762,0.583,0.731
1757558076.471092,0.903,0.709,0.814
1757558076.487215,0.953,0.857,0.963
1757558076.5023153,1.068,0.946,1.04
1757558076.5189857,1.173,0.994,1.087
1757558076.5340583,1.237,1.036,1.237
1757558076.5500658,1.207,1.065,1.213
1757558076.5646002,1.138,0.977,1.091
1757558076.5807765,0.944,0.824,0.944
1757558076.5953338,0.688,0.567,0.689
1757558076.612372,0.632,0.465,0.618
1757558076.6270263,0.464,0.354,0.409
1757558076.6436412,0.46,0.33,0.43
1757558076.6585805,0.401,0.297,0.423
1757558076.6751368,0.402,0.291,0.427
1757558076.6902971,0.489,0.408,0.412
1757558076.7064435,0.517,0.476,0.447
1757558076.7210891,0.57,0.405,0.473
1757558076.7381623,0.944,0.787,0.932
1757558076.752764,1.047,0.811,0.967
1757558076.7997394,1.09,0.945,1.124
1757558076.8303318,1.055,0.924,1.082
1757558076.8449216,0.713,0.546,0.671
1757558076.8610804,0.546,0.427,0.531
1757558076.876227,0.458,0.355,0.477
1757558076.8928268,0.409,0.259,0.383
1757558076.9075143,0.386,0.301,0.342
1757558076.9241426,0.489,0.338,0.4
1757558076.939219,0.618,0.525,0.64
1757558076.9563174,0.662,0.525,0.596
1757558076.9699466,0.902,0.677,0.927
1757558076.9870827,1.051,0.881,0.995
1757558077.00122,0.916,0.805,0.872
1757558077.0170398,1.185,1.042,1.143
1757558077.0321562,1.095,0.978,1.074
1757558077.0489013,1.096,0.98,1.103
1757558077.063357,0.986,0.866,0.994
1757558077.0795383,0.761,0.619,0.757
1757558077.094059,0.615,0.484,0.579
1757558077.110743,0.55,0.423,0.551
1757558077.1252983,0.451,0.345,0.4
1757558077.1420548,0.438,0.26,0.412
1757558077.1571019,0.503,0.353,0.492
1757558077.173511,0.507,0.397,0.449
1757558077.188426,0.696,0.516,0.663
1757558077.2045844,0.821,0.672,0.859
1757558077.2196522,0.953,0.834,0.921
1757558077.2361925,1.016,0.877,1.036
1757558077.2510524,1.086,0.966,1.077
1757558077.2672453,1.233,1.054,1.237
1757558077.2818408,1.158,1.052,1.152
1757558077.2994685,1.058,0.933,1.056
1757558077.313035,0.941,0.834,1.006
1757558077.3301075,0.763,0.67,0.756
1757558077.3446155,0.641,0.558,0.696
1757558077.3912525,0.589,0.412,0.564
1757558077.4225056,0.559,0.405,0.52
1757558077.4541733,0.789,0.679,0.795
1757558077.468367,1.04,0.88,0.999
1757558077.4849079,1.118,0.98,1.046
1757558077.4996061,1.16,0.991,1.095
1757558077.5162048,1.207,1.023,1.135
1757558077.5303767,1.052,0.89,1.03
1757558077.5463946,0.838,0.728,0.856
1757558077.5620444,0.683,0.58,0.716
1757558077.5791519,0.628,0.488,0.593
1757558077.593277,0.597,0.476,0.577
1757558077.6103652,0.487,0.381,0.451
1757558077.624623,0.428,0.354,0.447
1757558077.6403618,0.508,0.363,0.412
1757558077.6548975,0.6,0.529,0.633
1757558077.6710708,0.795,0.67,0.717
1757558077.6861749,0.989,0.838,0.928
1757558077.7019863,1.039,0.91,0.998
1757558077.7175274,1.15,1.008,1.122
1757558077.734056,1.098,1.0,1.123
1757558077.7492087,1.16,1.023,1.144
1757558077.7663035,1.127,1.003,1.146
1757558077.7808604,1.075,0.889,1.032
1757558077.7969348,0.842,0.718,0.841
1757558077.8111246,0.715,0.58,0.694
1757558077.8282316,0.579,0.402,0.6
1757558077.8428454,0.595,0.4,0.542
1757558077.8589957,0.457,0.36,0.361
1757558077.8735507,0.456,0.312,0.395
1757558077.8897653,0.572,0.401,0.47
1757558077.9039192,0.686,0.58,0.63
1757558077.9508786,0.873,0.787,0.76
1757558077.9826734,1.185,1.04,1.198
1757558078.013889,1.031,0.924,1.0
1757558078.0446873,0.905,0.805,0.894
1757558078.05883,0.521,0.361,0.511
1757558078.0744226,0.455,0.322,0.441
1757558078.0895565,0.525,0.345,0.463
1757558078.1047013,0.591,0.464,0.58
1757558078.1208413,0.747,0.673,0.741
1757558078.1379642,0.864,0.747,0.849
1757558078.1525486,0.88,0.796,0.868
1757558078.1687415,1.07,0.877,1.033
1757558078.183357,1.177,0.993,1.115
1757558078.1999333,1.149,1.015,1.074
1757558078.214538,1.103,0.991,1.032
1757558078.2306888,1.022,0.899,1.028
1757558078.2452867,0.978,0.846,0.981
1757558078.2614434,0.679,0.533,0.672
1757558078.2760773,0.528,0.403,0.574
1757558078.292055,0.486,0.319,0.43
1757558078.3061795,0.444,0.325,0.373
1757558078.3220162,0.604,0.438,0.597
1757558078.3360395,0.768,0.693,0.68
1757558078.352639,1.055,0.881,0.981
1757558078.3676703,1.044,0.93,0.984
1757558078.4152534,1.149,0.987,1.144
1757558078.4459152,0.958,0.901,0.932
1757558078.4777908,0.787,0.615,0.85
1757558078.4913244,0.488,0.43,0.48
1757558078.5081584,0.459,0.36,0.401
1757558078.5227447,0.451,0.374,0.442
1757558078.538987,0.576,0.454,0.558
1757558078.5535061,0.623,0.518,0.632
1757558078.5696957,0.953,0.784,0.88
1757558078.5842931,1.019,0.89,0.967
1757558078.6009727,1.122,0.986,1.135
1757558078.6161275,1.16,1.009,1.19
1757558078.6317675,1.204,1.042,1.135
1757558078.6468365,0.979,0.888,0.986
1757558078.6624408,0.812,0.721,0.857
1757558078.6765282,0.67,0.554,0.658
1757558078.693111,0.5,0.37,0.467
1757558078.7073038,0.451,0.344,0.454
1757558078.7239385,0.466,0.372,0.451
1757558078.737993,0.545,0.384,0.582
1757558078.7530868,0.776,0.629,0.722
1757558078.7691362,0.928,0.813,0.933
1757558078.7837152,1.018,0.841,1.001
1757558078.800843,1.13,1.049,1.134
1757558078.8153644,1.147,1.07,1.111
1757558078.8622007,1.099,0.989,1.175
1757558078.8939354,0.653,0.504,0.626
1757558078.9252632,0.49,0.367,0.527
1757558078.9394612,0.447,0.357,0.418
1757558078.9560714,0.554,0.45,0.5
1757558078.970219,0.662,0.579,0.614
1757558078.9872665,0.869,0.752,0.857
1757558079.001422,1.023,0.843,1.011
1757558079.017717,1.086,0.952,1.133
1757558079.032312,1.16,0.993,1.096
1757558079.0485127,1.137,0.96,1.089
1757558079.063082,1.006,0.904,1.015
1757558079.0792818,0.843,0.767,0.861
1757558079.09384,0.676,0.559,0.688
1757558079.1103895,0.635,0.516,0.617
1757558079.124987,0.478,0.4,0.463
1757558079.1412456,0.473,0.402,0.412
1757558079.1562722,0.484,0.38,0.523
1757558079.1728792,0.507,0.394,0.554
1757558079.1879394,0.715,0.503,0.644
1757558079.2047644,0.774,0.584,0.695
1757558079.2197962,0.853,0.748,0.812
1757558079.2369676,0.942,0.784,0.926
1757558079.2511444,0.961,0.882,0.904
1757558079.2673671,1.07,0.965,0.965
1757558079.2819219,1.205,1.031,1.133
1757558079.2981653,1.078,0.993,1.106
1757558079.3124156,1.048,0.884,0.993
1757558079.3286245,0.824,0.696,0.848
1757558079.3431644,0.654,0.526,0.599
1757558079.3902278,0.529,0.443,0.511
1757558079.420699,0.609,0.455,0.503
1757558079.4515207,0.778,0.697,0.838
1757558079.4660766,1.106,0.99,1.069
1757558079.4829328,1.179,0.979,1.169
1757558079.4980671,1.084,0.967,1.061
1757558079.5142858,1.056,0.969,1.077
1757558079.528494,0.93,0.798,0.944
1757558079.5450711,0.705,0.547,0.71
1757558079.5600963,0.575,0.468,0.565
1757558079.576232,0.505,0.442,0.504
1757558079.5912588,0.508,0.331,0.428
1757558079.6083543,0.404,0.344,0.455
1757558079.6224449,0.513,0.334,0.421
1757558079.639511,0.627,0.504,0.604
1757558079.653987,0.628,0.511,0.604
1757558079.671041,0.763,0.67,0.67
1757558079.6861365,0.878,0.744,0.807
1757558079.7022848,0.98,0.843,0.901
1757558079.7172246,1.044,0.897,0.993
1757558079.7342393,1.061,0.994,1.019
1757558079.7492678,1.161,0.956,1.056
1757558079.7647755,1.164,1.048,1.091
1757558079.7805338,1.139,0.962,1.12
1757558079.797312,1.018,0.878,1.021
1757558079.814345,0.841,0.679,0.839
1757558079.8280084,0.989,0.89,0.99
1757558079.8461251,0.581,0.464,0.55
1757558079.860487,0.812,0.708,0.787
1757558079.8740525,0.536,0.371,0.516
1757558079.8906734,0.45,0.326,0.401
1757558079.906208,0.557,0.422,0.473
1757558079.9228423,0.517,0.384,0.479
1757558079.937825,0.627,0.53,0.633
1757558079.9544246,0.716,0.607,0.704
1757558079.9695954,0.915,0.698,0.872
1757558079.9861896,0.882,0.722,0.841
1757558080.0008242,0.863,0.784,0.91
1757558080.0171025,1.042,0.957,0.994
1757558080.0316098,1.119,0.967,1.096
1757558080.0791888,1.122,0.957,1.106
1757558080.1251495,0.741,0.583,0.654
1757558080.1559043,0.454,0.323,0.466
1757558080.1720614,0.531,0.409,0.488
1757558080.1872606,0.762,0.571,0.644
1757558080.20384,0.797,0.65,0.71
1757558080.2184381,0.929,0.753,0.865
1757558080.234993,0.967,0.858,0.993
1757558080.2500205,1.059,0.899,1.033
1757558080.2670436,1.135,1.044,1.193
1757558080.2815607,1.13,0.98,1.135
1757558080.2977743,1.187,1.032,1.14
1757558080.3128653,0.981,0.832,0.979
1757558080.3289616,0.919,0.787,0.888
1757558080.3435357,0.694,0.558,0.641
1757558080.3597865,0.587,0.455,0.641
1757558080.3742673,0.53,0.38,0.567
1757558080.3902423,0.412,0.363,0.443
1757558080.4043255,0.515,0.374,0.515
1757558080.4211838,0.746,0.551,0.694
1757558080.4363313,0.722,0.659,0.695
1757558080.453351,0.878,0.714,0.844
1757558080.4679825,0.959,0.787,0.947
1757558080.4844122,1.021,0.864,1.008
1757558080.4986203,1.143,0.987,1.114
1757558080.5148005,1.11,1.002,1.096
1757558080.5289748,1.075,0.91,1.096
1757558080.544527,0.838,0.745,0.787
1757558080.559568,0.733,0.614,0.773
1757558080.5762165,0.558,0.474,0.542
1757558080.5910075,0.568,0.369,0.499
1757558080.6385553,0.45,0.367,0.454
1757558080.684236,0.697,0.524,0.589
1757558080.7151856,1.052,0.876,0.993
1757558080.7317474,1.131,1.011,1.05
1757558080.7463179,1.127,0.95,1.123
1757558080.76307,0.915,0.847,0.916
1757558080.7778113,1.042,0.874,0.94
1757558080.7942927,0.693,0.59,0.709
1757558080.808622,0.583,0.468,0.56
1757558080.8242502,0.484,0.412,0.517
1757558080.8392727,0.505,0.394,0.469
1757558080.8547497,0.484,0.401,0.522
1757558080.8704178,0.502,0.43,0.539
1757558080.8864448,0.8,0.639,0.78
1757558080.9013655,0.776,0.641,0.699
1757558080.9175525,1.023,0.886,1.017
1757558080.9320302,1.127,0.945,1.047
1757558080.948099,1.164,1.015,1.111
1757558080.962706,1.115,0.934,1.087
1757558080.9787347,0.95,0.756,0.932
1757558080.9932995,0.851,0.668,0.799
1757558081.0103807,0.592,0.478,0.571
1757558081.0249803,0.546,0.463,0.579
1757558081.040997,0.504,0.337,0.447
1757558081.0560956,0.448,0.327,0.425
1757558081.0726237,0.467,0.37,0.492
1757558081.0876417,0.606,0.466,0.578
1757558081.1046987,0.714,0.572,0.683
1757558081.1188438,0.801,0.628,0.73
1757558081.1363223,0.941,0.812,0.851
1757558081.1503713,0.981,0.882,1.012
1757558081.196942,1.063,0.927,1.04
1757558081.229019,0.9,0.833,0.903
1757558081.2601314,0.655,0.605,0.665
1757558081.2746437,0.549,0.43,0.611
1757558081.2916806,0.488,0.374,0.545
1757558081.3072417,0.489,0.37,0.459
1757558081.322613,0.476,0.333,0.38
1757558081.3396435,0.602,0.447,0.581
1757558081.3551672,0.521,0.355,0.478
1757558081.3702157,0.837,0.676,0.789
1757558081.3862844,0.89,0.758,0.849
1757558081.4008267,0.987,0.838,0.953
1757558081.4173841,1.031,0.908,1.043
1757558081.431914,1.108,0.969,1.13
1757558081.4489408,1.192,1.038,1.095
1757558081.4634523,1.138,0.981,1.187
1757558081.4795606,0.953,0.873,0.984
1757558081.494078,0.838,0.748,0.864
1757558081.510632,0.717,0.556,0.632
1757558081.525186,0.633,0.473,0.547
1757558081.5421355,0.49,0.411,0.514
1757558081.5567026,0.527,0.387,0.45
1757558081.5722597,0.496,0.349,0.504
1757558081.5883055,0.623,0.47,0.593
1757558081.60335,0.66,0.57,0.619
1757558081.6183665,0.892,0.831,0.932
1757558081.6358876,0.948,0.834,0.916
1757558081.6517973,1.048,0.889,1.057
1757558081.666955,0.994,0.811,0.945
1757558081.681365,1.117,0.984,1.122
1757558081.6979733,1.106,1.015,1.096
1757558081.7120402,1.135,0.981,1.033
1757558081.7290816,0.879,0.777,0.797
1757558081.7436724,0.824,0.654,0.797
1757558081.7597158,0.62,0.588,0.653
1757558081.7752802,0.567,0.412,0.486
1757558081.8215685,0.527,0.405,0.495
1757558081.851894,0.644,0.531,0.663
1757558081.8669946,0.969,0.864,0.986
1757558081.883513,1.113,0.89,1.031
1757558081.8985257,1.085,0.979,1.063
1757558081.914517,1.159,1.03,1.14
1757558081.9291766,1.05,0.929,1.067
1757558081.9462326,0.929,0.824,0.916
1757558081.961838,0.8,0.687,0.731
1757558081.9789488,0.813,0.692,0.766
1757558081.99254,0.658,0.533,0.683
1757558082.0092897,0.556,0.453,0.517
1757558082.02389,0.497,0.401,0.566
1757558082.040927,0.463,0.333,0.456
1757558082.0559514,0.479,0.388,0.46
1757558082.0725121,0.487,0.378,0.446
1757558082.0874074,0.566,0.429,0.618
1757558082.1035628,0.624,0.516,0.602
1757558082.1186109,0.853,0.702,0.787
1757558082.135139,0.928,0.801,0.929
1757558082.149318,0.945,0.877,1.002
1757558082.166464,1.081,0.969,1.106
1757558082.1810322,1.137,0.997,1.206
1757558082.19725,1.092,1.019,1.027
1757558082.2114577,0.969,0.841,1.004
1757558082.2285998,0.836,0.646,0.863
1757558082.2431693,0.797,0.608,0.697
1757558082.2593694,0.666,0.499,0.644
1757558082.2739584,0.581,0.394,0.503
1757558082.2900736,0.449,0.328,0.433
1757558082.3041272,0.534,0.364,0.514
1757558082.3210013,0.657,0.488,0.619
1757558082.3360558,0.741,0.596,0.663
1757558082.3525777,0.82,0.673,0.734
1757558082.367636,0.883,0.823,0.852
1757558082.3842056,0.998,0.82,0.868
1757558082.398368,1.02,0.965,1.074
1757558082.4144106,1.122,0.997,1.186
1757558082.4300294,1.175,0.98,1.148
1757558082.4471967,1.002,0.877,0.94
1757558082.4617093,0.954,0.924,0.946
1757558082.5090888,0.892,0.797,0.872
1757558082.5398684,0.51,0.4,0.554
1757558082.5705037,0.457,0.354,0.467
1757558082.5850997,0.762,0.641,0.749
1757558082.6010127,0.941,0.789,0.842
1757558082.6166315,0.976,0.82,0.92
1757558082.6332414,1.04,0.915,1.019
1757558082.6474628,1.085,0.965,1.032
1757558082.6640394,1.139,0.982,1.141
1757558082.679077,1.005,0.918,1.032
1757558082.6947062,0.973,0.824,0.941
1757558082.7104332,0.847,0.725,0.789
1757558082.7272043,0.686,0.567,0.689
1757558082.7408388,0.688,0.534,0.668
1757558082.7578845,0.517,0.368,0.552
1757558082.772407,0.546,0.334,0.492
1757558082.7885172,0.493,0.365,0.514
1757558082.803108,0.592,0.455,0.599
1757558082.81964,0.742,0.616,0.699
1757558082.834189,0.896,0.737,0.893
1757558082.85039,0.965,0.876,0.941
1757558082.8649693,1.07,0.999,1.064
1757558082.8811166,1.156,1.013,1.11
1757558082.896164,1.09,0.958,1.008
1757558082.912358,1.056,0.865,0.94
1757558082.9273808,0.949,0.857,0.999
1757558082.9439807,0.713,0.647,0.712
1757558082.958163,0.663,0.522,0.598
1757558082.974773,0.575,0.43,0.529
1757558083.0199652,0.505,0.352,0.473
1757558083.0539029,0.654,0.58,0.593
1757558083.0975394,0.733,0.554,0.676
1757558083.1135724,1.116,1.016,1.147
1757558083.12847,1.032,0.861,0.976
1757558083.145039,0.967,0.864,1.02
1757558083.1591206,0.867,0.657,0.899
1757558083.1746662,0.658,0.495,0.659
1757558083.1906614,0.485,0.409,0.581
1757558083.2072117,0.447,0.318,0.444
1757558083.2218044,0.465,0.298,0.361
1757558083.2378464,0.488,0.398,0.441
1757558083.2523997,0.67,0.511,0.615
1757558083.2694955,0.744,0.608,0.778
1757558083.2839975,0.95,0.852,1.186
1757558083.3000996,2.152,2.155,0.675
1757558083.3152478,2.425,0.536,0.683
1757558083.3313024,2.439,0.374,0.759
1757558083.3463123,2.445,0.349,0.758
1757558083.3630495,2.449,0.329,0.75
1757558083.379051,2.455,0.31,0.735
1757558083.393621,2.46,0.297,0.714
1757558083.408311,2.468,0.271,0.704
1757558083.424855,2.471,0.258,0.687
1757558083.439965,2.475,0.248,0.673
1757558083.4570808,2.484,0.235,0.659
1757558083.4717147,2.489,0.219,0.637
1757558083.48857,2.496,0.219,0.623
1757558083.503604,2.493,0.206,0.611
1757558083.5197732,2.502,0.194,0.591
1757558083.53429,2.507,0.191,0.58
1757558083.5504258,2.512,0.181,0.569
1757558083.5961974,2.514,0.175,0.538
1757558083.6281004,2.535,0.115,0.49
1757558083.658581,2.548,0.088,0.451
1757558083.6745677,2.56,0.052,0.411
1757558083.6893363,2.56,0.035,0.392
1757558083.7049916,2.57,0.035,0.383
1757558083.718785,2.575,0.022,0.36
1757558083.7346826,2.579,0.023,0.359
1757558083.7507987,2.584,0.013,0.334
1757558083.766817,2.588,0.006,0.322
1757558083.7814264,2.591,0.0,0.3
1757558083.7975776,2.593,0.0,0.282
1757558083.8117354,2.603,0.0,0.269
1757558083.828796,2.609,0.0,0.25
1757558083.8433523,2.61,0.0,0.234
1757558083.859549,2.617,0.0,0.208
1757558083.8740926,2.617,0.0,0.193
1757558083.8910866,2.621,0.0,0.177
1757558083.9052665,2.625,0.0,0.16
1757558083.921418,2.63,0.0,0.143
1757558083.935935,2.63,0.0,0.131
1757558083.952965,2.631,0.0,0.118
1757558083.9671412,2.634,0.0,0.108
1757558083.983735,2.634,0.0,0.094
1757558083.9979205,2.639,0.0,0.08
1757558084.0141022,2.642,0.0,0.067
1757558084.0590727,2.643,0.0,0.053
1757558084.0907032,2.648,0.0,0.012
1757558084.1219656,2.654,0.0,0.0
1757558084.1381536,2.651,0.0,0.0
1757558084.1528087,2.65,0.0,0.0
1757558084.168921,2.649,0.0,0.0
1757558084.1835084,2.65,0.0,0.0
1757558084.1997051,2.65,0.0,0.0
1757558084.213892,2.26,0.0,2.233
1757558084.2308905,1.65,0.112,2.303
1757558084.2460783,1.237,0.424,2.142
1757558084.262231,1.055,0.569,1.792
1757558084.2763822,0.986,0.601,1.601
1757558084.293131,0.444,0.327,0.412
1757558084.3078313,0.321,0.334,0.245
1757558084.3244238,0.268,0.319,0.086
1757558084.3395343,0.247,0.347,0.006
1757558084.3561535,0.264,0.401,0.0
1757558084.3713202,0.388,0.476,0.025
1757558084.387513,0.519,0.568,0.076
1757558084.4021127,0.812,0.787,0.491
1757558084.418851,1.065,0.907,0.855
1757558084.433332,1.152,0.958,1.09
1757558084.4494023,1.297,0.995,1.349
1757558084.4639666,1.318,0.967,1.56
1757558084.4810073,1.21,0.863,1.527
1757558084.4961982,1.276,0.921,1.582
1757558084.5123596,1.127,0.761,1.48
1757558084.5274558,0.834,0.58,1.106
1757558084.5442743,0.728,0.503,0.929
1757558084.5590038,0.568,0.475,0.752
1757558084.574591,0.442,0.372,0.475
1757558084.5897524,0.369,0.343,0.301
1757558084.6048925,0.332,0.376,0.142
1757558084.62101,0.444,0.515,0.168
1757558084.6694374,0.524,0.576,0.212
1757558084.7143319,0.808,0.784,0.541
1757558084.745148,1.261,0.877,1.402
1757558084.761302,0.907,0.64,1.172
1757558084.7763252,0.604,0.504,0.731
1757558084.7929761,0.474,0.503,0.528
1757558084.807743,0.343,0.554,0.383
1757558084.824837,0.288,0.608,0.225
1757558084.8389907,0.238,0.44,0.263
1757558084.854624,0.219,0.376,0.142
1757558084.8706563,0.371,0.375,0.278
1757558084.8861732,0.438,0.378,0.348
1757558084.9012518,0.628,0.563,0.571
1757558084.9176052,0.936,0.847,0.914
1757558084.9321172,1.065,0.956,0.994
1757558084.9490497,1.135,1.07,1.102
1757558084.964473,1.166,1.056,1.165
1757558084.9806204,1.262,1.088,1.253
1757558084.9952164,1.192,1.048,1.174
1757558085.0114691,1.049,0.937,1.028
1757558085.02605,0.855,0.722,0.936
1757558085.0429933,0.683,0.569,0.733
1757558085.0572069,0.593,0.501,0.567
1757558085.0737429,0.451,0.318,0.381
1757558085.0888896,0.47,0.356,0.399
1757558085.1044836,0.363,0.297,0.371
1757558085.1199389,0.465,0.315,0.399
1757558085.1369722,0.612,0.489,0.525
1757558085.1514986,0.696,0.549,0.656
1757558085.1686347,0.824,0.725,0.779
1757558085.1831715,0.904,0.787,0.858
1757558085.2002752,1.028,0.851,1.019
1757558085.2144773,1.044,0.905,1.013
1757558085.2315965,1.122,1.021,1.193
1757558085.2461512,1.187,1.023,1.156
1757558085.2630203,1.125,0.979,1.127
1757558085.2781067,1.06,0.929,1.056
1757558085.3013465,0.939,0.878,0.915
1757558085.3094893,1.148,1.062,1.251
1757558085.3260431,0.708,0.641,0.714
1757558085.3411171,0.619,0.504,0.647
1757558085.3881104,0.629,0.412,0.572
1757558085.419635,0.567,0.412,0.482
1757558085.4511943,0.73,0.623,0.687
1757558085.4827647,0.871,0.733,0.798
1757558085.5130877,0.994,0.838,0.96
1757558085.527258,1.07,0.996,1.014
1757558085.5438921,0.89,0.781,0.881
1757558085.5589743,0.731,0.661,0.798
1757558085.5745568,0.728,0.576,0.761
1757558085.5907142,0.581,0.516,0.568
1757558085.6073747,0.591,0.449,0.521
1757558085.6220005,0.49,0.412,0.453
1757558085.639005,0.458,0.361,0.426
1757558085.653592,0.513,0.412,0.436
1757558085.670628,0.519,0.457,0.478
1757558085.6851966,0.489,0.351,0.505
1757558085.7013032,0.75,0.608,0.691
1757558085.7153716,0.886,0.774,0.89
1757558085.7324631,1.119,0.943,1.031
1757558085.7466218,1.044,0.931,1.081
1757558085.7632313,1.135,1.016,1.158
1757558085.7773297,1.148,1.057,1.159
1757558085.7939556,0.925,0.776,0.899
1757558085.8085234,0.776,0.684,0.724
1757558085.8250773,0.692,0.508,0.7
1757558085.8401308,0.568,0.388,0.529
1757558085.857365,0.47,0.441,0.491
1757558085.871958,0.479,0.373,0.421
1757558085.8965993,0.521,0.355,0.488
1757558085.902651,0.405,0.35,0.453
1757558085.930511,0.616,0.508,0.554
1757558085.9497387,0.659,0.584,0.632
1757558085.9643328,1.005,0.89,0.941
1757558085.9814284,1.041,0.969,0.991
1757558086.0262609,1.112,0.966,1.102
1757558086.0573428,0.774,0.717,0.774
1757558086.0739481,0.539,0.412,0.582
1757558086.0880759,0.503,0.412,0.499
1757558086.1037076,0.503,0.361,0.521
1757558086.1181214,0.561,0.434,0.619
1757558086.1346426,0.761,0.709,0.735
1757558086.1488104,0.885,0.733,0.93
1757558086.1653764,1.019,0.903,0.982
1757558086.1804903,1.072,0.926,1.01
1757558086.1972086,1.073,1.011,1.05
1757558086.2116673,1.073,0.985,1.077
1757558086.227771,1.092,0.894,0.993
1757558086.242293,0.836,0.722,0.877
1757558086.2593381,0.745,0.561,0.699
1757558086.2738504,0.656,0.518,0.66
1757558086.2898998,0.579,0.447,0.594
1757558086.3044608,0.542,0.404,0.511
1757558086.3212948,0.446,0.386,0.5
1757558086.336251,0.454,0.374,0.477
1757558086.3528514,0.641,0.517,0.632
1757558086.3680105,0.716,0.556,0.721
1757558086.3845885,0.795,0.687,0.769
1757558086.3996372,0.877,0.782,0.812
1757558086.4274168,0.951,0.861,0.977
1757558086.446449,0.981,0.889,0.986
1757558086.4610894,1.102,0.98,1.073
1757558086.4773657,0.996,0.824,0.986
1757558086.49194,0.824,0.641,0.766
1757558086.5090504,0.709,0.57,0.699
1757558086.554342,0.746,0.567,0.683
1757558086.586183,0.503,0.4,0.388
1757558086.6179538,0.649,0.495,0.6
1757558086.649518,0.786,0.682,0.695
1757558086.6810968,0.998,0.835,0.882
1757558086.698224,1.158,0.972,1.108
1757558086.712314,1.092,0.934,1.14
1757558086.7294235,1.081,1.044,1.096
1757558086.7439384,1.047,0.932,1.053
1757558086.7599895,0.991,0.864,0.948
1757558086.7745056,0.696,0.616,0.701
1757558086.791568,0.647,0.515,0.625
1757558086.8061965,0.542,0.446,0.62
1757558086.8226578,0.513,0.382,0.543
1757558086.837436,0.505,0.357,0.478
1757558086.8539636,0.536,0.381,0.441
1757558086.868768,0.554,0.476,0.516
1757558086.8853612,0.696,0.567,0.645
1757558086.899499,0.582,0.513,0.571
1757558086.9166028,0.966,0.824,0.89
1757558086.931153,0.965,0.865,0.973
1757558086.9471846,1.063,0.933,1.102
1757558086.962705,1.079,0.973,1.081
1757558086.9894006,1.089,0.974,1.131
1757558086.9924335,1.001,0.837,1.011
1757558087.0090613,0.749,0.67,0.724
1757558087.0245879,0.616,0.542,0.613
1757558087.0396292,0.642,0.546,0.65
1757558087.0561419,0.495,0.377,0.525
1757558087.0709422,0.54,0.367,0.555
1757558087.0860841,0.539,0.4,0.48
1757558087.1026866,0.564,0.532,0.574
1757558087.117847,0.698,0.598,0.715
1757558087.134437,0.782,0.666,0.702
1757558087.1486359,0.93,0.764,0.901
1757558087.1651833,1.043,0.899,1.07
1757558087.2110221,1.082,0.94,1.032
1757558087.259529,0.963,0.891,0.954
1757558087.3081725,0.718,0.628,0.684
1757558087.353215,0.683,0.52,0.648
1757558087.3673542,0.662,0.472,0.563
1757558087.3839324,0.786,0.716,0.796
1757558087.400028,0.911,0.823,0.863
1757558087.4160492,0.863,0.72,0.876
1757558087.4451432,1.056,0.928,1.057
1757558087.474475,0.907,0.779,0.836
1757558087.4980886,0.728,0.598,0.684
1757558087.5094047,0.778,0.732,0.722
1757558087.523957,0.679,0.583,0.683
1757558087.5400822,0.573,0.478,0.554
1757558087.5544806,0.538,0.435,0.429
1757558087.5706341,0.457,0.357,0.451
1757558087.5852296,0.567,0.432,0.506
1757558087.60315,0.631,0.507,0.645
1757558087.6182084,0.67,0.567,0.581
1757558087.6336858,0.655,0.547,0.633
1757558087.6507955,0.878,0.786,0.855
1757558087.6653178,0.719,0.608,0.742
1757558087.6804073,1.081,0.933,1.076
1757558087.6959097,1.122,0.954,1.063
1757558087.7124693,1.111,1.011,1.019
1757558087.7273555,1.102,0.99,1.125
1757558087.7428951,0.801,0.692,0.839
1757558087.758971,0.783,0.695,0.824
1757558087.7733784,0.612,0.471,0.616
1757558087.7894945,0.575,0.472,0.542
1757558087.806021,0.533,0.373,0.407
1757558087.8210797,0.49,0.38,0.467
1757558087.8371277,0.56,0.373,0.479
1757558087.8526802,0.513,0.379,0.521
1757558087.8678172,0.658,0.523,0.633
1757558087.8843682,0.733,0.637,0.67
1757558087.930679,0.869,0.761,0.824
1757558087.9784443,1.044,0.924,0.998
1757558088.0097423,1.031,0.886,0.969
1757558088.0405037,0.904,0.849,0.941
1757558088.055082,0.527,0.457,0.562
1757558088.0721622,0.473,0.412,0.447
1757558088.0862887,0.441,0.309,0.464
1757558088.1029294,0.504,0.473,0.476
1757558088.117413,0.526,0.472,0.511
1757558088.134932,0.779,0.68,0.735
1757558088.1489882,0.878,0.802,0.89
1757558088.164584,0.947,0.798,0.853
1757558088.1797695,1.031,0.919,1.055
1757558088.196325,1.11,0.989,1.148
1757558088.210324,1.073,0.953,1.081
1757558088.226949,0.978,0.888,1.048
1757558088.2415307,1.045,0.892,1.018
1757558088.2585824,0.732,0.63,0.685
1757558088.272177,0.638,0.511,0.658
1757558088.2883554,0.518,0.411,0.456
1757558088.3019505,0.484,0.408,0.425
1757558088.3189883,0.698,0.487,0.554
1757558088.3335798,0.613,0.521,0.575
1757558088.3503947,0.812,0.763,0.763
1757558088.3649435,0.864,0.778,0.879
1757558088.3811214,1.07,0.873,1.015
1757558088.3962586,1.108,0.956,1.161
1757558088.413368,1.103,1.005,1.151
1757558088.4275215,1.134,0.944,1.043
1757558088.444124,1.016,0.942,0.986
1757558088.488545,0.89,0.858,0.944
1757558088.5051067,0.482,0.372,0.45
1757558088.5360441,0.471,0.335,0.477
1757558088.5502083,0.603,0.525,0.479
1757558088.5662696,0.89,0.751,0.844
1757558088.582906,0.875,0.735,0.841
1757558088.5990655,0.939,0.873,0.899
1757558088.613203,1.044,0.919,0.999
1757558088.6283913,1.276,1.171,1.208
1757558088.6449807,0.0,0.704,1.314
1757558088.659136,0.0,0.609,1.269
1757558088.674737,0.0,0.556,1.231
1757558088.6908908,0.0,0.526,1.201
1757558088.7080083,0.0,0.497,1.179
1757558088.7221587,0.0,0.471,1.156
1757558088.7373476,0.0,0.451,1.134
1757558088.7538588,0.0,0.438,1.11
1757558088.7689605,0.0,0.422,1.096
1757558088.7845073,0.0,0.408,1.081
1757558088.799673,0.0,0.397,1.055
1757558088.8162186,0.0,0.388,1.044
1757558088.8308244,0.0,0.374,1.03
1757558088.8478997,0.0,0.359,1.008
1757558088.8624191,0.0,0.339,0.986
1757558088.8783512,0.0,0.322,0.967
1757558088.8930018,0.0,0.289,0.936
1757558088.9092662,0.0,0.267,0.921
1757558088.923781,0.0,0.244,0.898
1757558088.940099,0.0,0.22,0.874
1757558088.9859989,0.0,0.204,0.853
1757558089.033934,0.0,0.169,0.795
1757558089.0798154,0.0,0.141,0.737
1757558089.0969677,0.0,0.107,0.682
1757558089.1110833,0.0,0.093,0.658
1757558089.1272302,0.0,0.072,0.631
1757558089.1417856,0.0,0.052,0.605
1757558089.1579366,0.0,0.034,0.579
1757558089.1723907,0.0,0.014,0.554
1757558089.1890225,0.0,0.002,0.529
1757558089.2036636,0.0,0.0,0.514
1757558089.2203147,0.0,0.0,0.496
1757558089.2348678,0.0,0.0,0.477
1757558089.2509131,0.0,0.0,0.464
1757558089.2660542,0.0,0.0,0.451
1757558089.2825804,0.0,0.0,0.434
1757558089.2976935,0.0,0.0,0.408
1757558089.313883,0.0,0.0,0.388
1757558089.3280318,0.0,0.0,0.367
1757558089.350635,0.0,0.0,0.344
1757558089.359184,0.0,0.0,0.32
1757558089.3762863,0.0,0.0,0.297
1757558089.3898609,0.0,0.0,0.271
1757558089.4069467,0.0,0.0,0.247
1757558089.4210627,0.0,0.0,0.225
1757558089.4372187,0.0,0.0,0.212
1757558089.4518418,0.0,0.0,0.197
1757558089.4680278,0.0,0.0,0.186
1757558089.482582,0.0,0.0,0.174
1757558089.4996057,0.0,0.0,0.164
1757558089.5444431,0.0,0.0,0.147
1757558089.5749838,0.0,0.0,0.091
1757558089.5911727,0.736,0.0,0.031
1757558089.6063142,0.588,0.0,0.063
1757558089.6224694,0.523,0.0,0.484
1757558089.636657,0.479,0.066,0.392
1757558089.6532593,0.357,0.338,0.386
1757558089.6684155,0.427,0.312,0.404
1757558089.6849668,0.583,0.466,0.542
1757558089.7000375,0.712,0.604,0.695
1757558089.7160232,0.915,0.708,0.845
1757558089.7320426,0.865,0.748,0.928
1757558089.7487779,0.948,0.857,0.948
1757558089.7633317,1.076,0.908,1.031
1757558089.781379,1.21,1.023,1.131
1757558089.79843,1.178,1.07,1.173
1757558089.8116636,1.098,0.895,0.992
1757558089.826217,1.121,0.967,1.063
1757558089.8431513,0.955,0.87,0.979
1757558089.858277,0.782,0.684,0.807
1757558089.87475,0.823,0.683,0.782
1757558089.889897,0.683,0.563,0.644
1757558089.9069726,0.67,0.434,0.529
1757558089.921174,0.593,0.504,0.504
1757558089.937339,0.532,0.335,0.459
1757558089.9518547,0.388,0.36,0.425
1757558089.9680002,0.691,0.532,0.625
1757558089.9825933,0.695,0.488,0.606
1757558089.9987435,0.955,0.824,0.961
1757558090.0129209,1.042,0.886,1.007
1757558090.030025,1.186,1.047,1.135
1757558090.0445595,1.1,1.082,1.12
1757558090.060671,1.106,0.996,1.07
1757558090.0753112,0.957,0.887,0.965
1757558090.0923853,0.844,0.696,0.805
1757558090.1065385,0.774,0.633,0.751
1757558090.153442,0.505,0.515,0.543
1757558090.185235,0.504,0.435,0.463
1757558090.2170677,0.762,0.601,0.687
1757558090.2477798,0.877,0.774,0.841
1757558090.2624211,1.096,0.903,1.047
1757558090.2790926,1.155,1.018,1.121
1757558090.2936985,1.134,0.927,1.056
1757558090.3104446,1.003,0.941,0.98
1757558090.3250418,1.02,0.816,0.932
1757558090.3411932,0.804,0.663,0.758
1757558090.3563452,0.624,0.529,0.62
1757558090.3719523,0.632,0.541,0.612
1757558090.3861449,0.493,0.347,0.478
1757558090.402398,0.457,0.357,0.5
1757558090.4172094,0.641,0.491,0.584
1757558090.4337997,0.686,0.555,0.741
1757558090.4483857,0.684,0.554,0.63
1757558090.4649837,0.987,0.893,0.89
1757558090.4789665,0.977,0.895,0.932
1757558090.4959528,1.173,1.019,1.076
1757558090.5099936,1.127,0.997,1.132
1757558090.527181,0.994,0.853,1.007
1757558090.541748,0.94,0.839,1.016
1757558090.5578542,0.857,0.704,0.85
1757558090.5724397,0.696,0.549,0.641
1757558090.5895445,0.598,0.404,0.466
1757558090.6041067,0.561,0.405,0.531
1757558090.6208892,0.493,0.322,0.492
1757558090.6360288,0.485,0.32,0.464
1757558090.6522,0.571,0.351,0.502
1757558090.6663427,0.606,0.491,0.626
1757558090.714201,0.795,0.699,0.755
1757558090.7591388,1.082,0.937,1.032
1757558090.7762322,0.998,0.795,0.967
1757558090.78984,0.748,0.733,0.783
1757558090.806935,0.666,0.442,0.567
1757558090.8210866,0.606,0.479,0.618
1757558090.8375604,0.464,0.412,0.479
1757558090.8521886,0.494,0.401,0.451
1757558090.868836,0.533,0.407,0.535
1757558090.8834047,0.654,0.517,0.604
1757558090.8993568,0.772,0.645,0.756
1757558090.914441,0.978,0.867,0.879
1757558090.9305928,0.982,0.895,0.971
1757558090.944315,1.081,0.946,1.098
1757558090.961348,1.153,1.019,1.085
1757558090.9759777,1.122,0.958,1.122
1757558090.992124,0.971,0.812,0.967
1757558091.0062697,0.89,0.469,0.795
1757558091.022484,0.662,0.442,0.579
1757558091.0374308,0.546,0.442,0.897
1757558091.0540338,0.401,0.424,0.879
1757558091.0682507,1.265,0.334,0.768
1757558091.0848508,1.276,0.361,0.761
1757558091.099003,1.269,0.356,0.748
1757558091.1162398,1.263,0.354,0.735
1757558091.1298363,1.237,0.339,0.72
1757558091.1775477,1.227,0.324,0.704
1757558091.2073252,1.166,0.262,0.645
1757558091.2385316,1.113,0.212,0.604
1757558091.2540557,1.074,0.168,0.559
1757558091.269245,1.058,0.16,0.546
1757558091.284797,1.045,0.151,0.529
1757558091.2999563,1.027,0.131,0.511
1757558091.3161004,1.031,0.133,0.503
1757558091.3302922,1.016,0.121,0.489
1757558091.3473878,0.993,0.107,0.473
1757558091.3619215,0.978,0.092,0.451
1757558091.378133,0.956,0.076,0.431
1757558091.3927207,0.929,0.059,0.408
1757558091.4089034,0.902,0.04,0.387
1757558091.4231348,0.874,0.023,0.363
1757558091.4397411,0.852,0.007,0.344
1757558091.4542887,0.833,0.0,0.322
1757558091.4713223,0.812,0.0,0.305
1757558091.4863596,0.794,0.0,0.286
1757558091.502936,0.775,0.0,0.268
1757558091.517617,0.762,0.0,0.253
1757558091.5342185,0.75,0.0,0.235
1757558091.5493157,0.737,0.0,0.219
1757558091.5648484,0.721,0.0,0.203
1757558091.580013,0.7,0.0,0.185
1757558091.5971186,0.687,0.0,0.172
1757558091.6112583,0.668,0.0,0.156
1757558091.6279855,0.65,0.0,0.141
1757558091.6424713,0.625,0.0,0.118
1757558091.658711,0.598,0.0,0.103
1757558091.7037232,0.573,0.0,0.081
1757558091.7349732,0.513,0.0,0.039
1757558091.7511678,0.479,0.0,0.015
1757558091.7662137,0.469,0.0,0.011
1757558091.7828739,0.454,0.0,0.0
1757558091.7979903,0.439,0.0,0.0
1757558091.8150916,0.412,0.0,0.0
1757558091.8301651,0.394,0.0,0.0
1757558091.8473508,0.374,0.0,0.0
1757558091.8618264,0.358,0.0,0.0
1757558091.8787076,0.337,0.0,0.0
1757558091.893268,0.316,0.0,0.0
1757558091.9103026,0.293,0.0,0.0
1757558091.9258864,0.268,0.0,0.0
1757558091.941481,0.245,0.0,0.0
1757558091.9560802,0.222,0.0,0.0
1757558091.9727995,0.201,0.0,0.0
1757558091.9879105,0.181,0.0,0.0
1757558092.0044959,0.164,0.0,0.0
1757558092.0191255,0.146,0.0,0.0
1757558092.036189,0.133,0.0,0.0
1757558092.051733,0.121,0.0,0.0
1757558092.066289,0.107,0.0,0.0
1757558092.0812078,0.099,0.0,0.0
1757558092.0973034,0.09,0.0,0.0
1757558092.1118937,0.076,0.0,0.0
1757558092.1282809,0.059,0.0,0.0
1757558092.142812,0.04,0.0,0.0
1757558092.159013,0.026,0.0,0.0
1757558092.1735644,0.009,0.0,0.0
1757558092.189769,0.0,0.0,0.0
1757558092.2042685,0.0,0.0,0.0
1757558092.220492,0.0,0.0,0.0
1757558092.2350976,0.0,0.0,0.0
1757558092.2512505,0.0,0.0,0.0
1757558092.266346,0.0,0.0,0.0
1757558092.2829828,0.0,0.0,0.0
1757558092.298124,0.0,0.0,0.0
1757558092.3152697,0.0,0.0,0.0
1757558092.329314,0.0,0.0,0.0
1757558092.3768497,0.0,0.0,0.0
1757558092.4222436,0.0,0.0,0.0
1757558092.4383965,0.0,0.0,0.0
1757558092.452954,0.0,0.0,0.0
1757558092.4695904,0.0,0.0,0.0
1757558092.4841962,0.0,0.0,0.0
1757558092.5004642,0.0,0.0,0.0
1757558092.5161283,0.0,0.0,0.0
1757558092.532769,0.0,0.0,0.0
1757558092.5474613,0.0,0.0,0.0
1757558092.5640135,0.0,0.0,0.0
1757558092.57816,0.0,0.0,0.0
1757558092.5947647,0.0,0.0,0.0
1757558092.6088731,0.0,0.0,0.0
1757558092.625115,0.0,0.0,0.0
1757558092.6401215,0.0,0.0,0.0
1757558092.6563473,0.0,0.0,0.0
1757558092.6710582,0.0,0.0,0.0
1757558092.687281,0.0,0.0,0.0
1757558092.7017286,0.0,0.0,0.0
1757558092.7184553,0.0,0.0,0.0
1757558092.7330472,0.0,0.0,0.0
1757558092.7502134,0.0,0.0,0.0
1757558092.7637265,0.0,0.0,0.0
1757558092.7799003,0.0,0.0,0.0
1757558092.7945347,0.0,0.0,0.0
1757558092.809695,0.0,0.0,0.0
1757558092.8560767,0.0,0.0,0.0
1757558092.887823,0.0,0.0,0.0
1757558092.919179,0.0,0.0,0.0
1757558092.9503605,0.0,0.0,0.0
1757558092.9673336,0.0,0.0,0.0
1757558092.9989367,0.0,0.0,0.0
1757558093.0140953,0.0,0.0,0.0
1757558093.0301607,0.0,0.0,0.0
1757558093.0446615,0.0,0.0,0.0
1757558093.060833,0.0,0.0,0.0
1757558093.0759337,0.0,0.0,0.0
1757558093.0925672,0.0,0.0,0.0
1757558093.1073868,0.0,0.0,0.0
1757558093.1239936,0.0,0.0,0.0
1757558093.1380968,0.0,0.0,0.0
1757558093.1546946,0.0,0.0,0.0
1757558093.1698532,0.0,0.0,0.0
1757558093.186933,0.0,0.0,0.0
1757558093.2015324,0.0,0.0,0.0
1757558093.2211692,0.0,0.0,0.0
1757558093.2327328,0.0,0.0,0.0
1757558093.2518911,0.0,0.0,0.0
1757558093.2634337,0.0,0.0,0.0
1757558093.2814953,0.0,0.0,0.0
1757558093.316162,0.0,0.0,0.0
1757558093.3287506,0.0,0.0,0.0
1757558093.348626,0.0,0.0,0.0
1757558093.3591936,0.0,0.0,0.0
1757558093.3783145,0.0,0.0,0.0
1757558093.3969903,0.0,0.0,0.0
1757558093.4105153,0.0,0.0,0.0
1757558093.419528,0.0,0.0,0.0
1757558093.4461045,0.0,0.0,0.0
1757558093.455111,0.0,0.0,0.0
1757558093.4737654,0.0,0.0,0.0
1757558093.4909,0.0,0.0,0.0
1757558093.502141,0.0,0.0,0.0
1757558093.5131238,0.0,0.0,0.0
1757558093.5414336,0.0,0.0,0.0
1757558093.5469532,0.0,0.0,0.0
1757558093.5734694,0.0,0.0,0.0
1757558093.5800097,0.0,0.0,0.0
1757558093.6059804,0.0,0.0,0.0
1757558093.618252,0.0,0.0,0.0
1757558093.6314838,0.0,0.0,0.0
1757558093.6501384,0.0,0.0,0.0
1757558093.6624708,0.0,0.0,0.0
1757558093.672983,0.0,0.0,0.0
1757558093.6994698,0.0,0.0,0.0
1757558093.7100658,0.0,0.0,0.0
1757558093.7230985,0.0,0.0,0.0
1757558093.7460258,0.0,0.0,0.0
1757558093.758459,0.0,0.0,0.0
1757558093.7806149,0.0,0.0,0.0
1757558093.795163,0.0,0.0,0.0
1757558093.814748,0.0,0.0,0.0
1757558093.8263333,0.0,0.0,0.0
1757558093.8499799,0.0,0.0,0.0
1757558093.8580174,0.0,0.0,0.0
1757558093.8780997,0.0,0.0,0.0
1757558093.8893733,0.0,0.0,0.0
1757558093.9104,0.0,0.0,0.0
1757558093.9159698,0.0,0.0,0.0
1757558093.9390292,0.0,0.0,0.0
1757558093.9494545,0.0,0.0,0.0
1757558093.9725375,0.0,0.0,0.0
1757558093.9831371,0.0,0.0,0.0
1757558094.0011501,0.0,0.0,0.0
1757558094.0204668,0.0,0.0,0.0
1757558094.032981,0.0,0.0,0.0
1757558094.04262,0.0,0.0,0.0
1757558094.0658967,0.0,0.0,0.0
1757558094.075943,0.0,0.0,0.0
1757558094.0992653,0.0,0.0,0.0
1757558094.1097686,0.0,0.0,0.0
1757558094.1390345,0.0,0.0,0.0
1757558094.1688075,0.0,0.0,0.0
1757558094.1929052,0.0,0.0,0.0
1757558094.2034187,0.0,0.0,0.0
1757558094.2181287,0.0,0.0,0.0
1757558094.2327576,0.0,0.0,0.0
1757558094.2796886,0.0,0.0,0.0
1757558094.3165772,0.0,0.0,0.0
1757558094.3549829,0.0,0.0,0.0
1757558094.3661196,0.0,0.0,0.0
1757558094.377716,0.0,0.0,0.0
1757558094.4060206,0.0,0.0,0.0
1757558094.4131973,0.0,0.0,0.0
1757558094.4399393,0.0,0.0,0.0
1757558094.447403,0.0,0.0,0.0
1757558094.4574988,0.0,0.0,0.0
1757558094.4802907,0.0,0.0,0.0
1757558094.4908214,0.0,0.0,0.0
1757558094.5144525,0.0,0.0,0.0
1757558094.5259748,0.0,0.0,0.0
1757558094.538089,0.0,0.0,0.0
1757558094.5696666,0.0,0.0,0.0
1757558094.5762622,0.0,0.0,0.0
1757558094.5862722,0.0,0.0,0.0
1757558094.620183,0.0,0.0,0.0
1757558094.6347697,0.0,0.0,0.0
1757558094.650918,0.0,0.0,0.0
1757558094.6659737,0.0,0.0,0.0
1757558094.6826804,0.0,0.0,0.0
1757558094.6972976,0.0,0.0,0.0
1757558094.7138586,0.0,0.0,0.0
1757558094.7586634,0.0,0.0,0.0
1757558094.7899933,0.0,0.0,0.0
1757558094.8212316,0.0,0.0,0.0
1757558094.8383384,0.0,0.0,0.0
1757558094.8529353,0.0,0.0,0.0
1757558094.869043,0.0,0.0,0.0
1757558094.9012928,0.0,0.0,0.0
1757558094.9179735,0.0,0.0,0.0
1757558094.9473388,0.0,0.0,0.0
1757558094.952372,0.0,0.0,0.0
1757558094.9771707,0.0,0.0,0.0
1757558094.987718,0.0,0.0,0.0
